ID,Symbol,log2FoldChange,padj
18054102,LOC18054102,5.45499719967623,0.0224033357443536
18054107,LOC18054107,1.94582105579984,3.79575371748013e-08
18054112,LOC18054112,1.14761840314829,7.70331487942114e-07
18054113,LOC18054113,1.1405687841406,4.2522694236136e-07
18054283,LOC18054283,-2.0216710834469,9.11207828949893e-06
18053737,LOC18053737,1.09115618344935,0.0408184727495657
18053740,LOC18053740,3.76163080517175,2.06288818999414e-14
18053755,LOC18053755,-1.00787232710531,6.67413310457585e-05
18053788,LOC18053788,-4.21943621059108,0.0117193159425481
18053789,LOC18053789,-1.94142541121545,0.0430401674996213
18053793,LOC18053793,3.72115674452327,4.54206789864514e-12
18053792,LOC18053792,1.1430993834658,0.0255683992380146
18053797,LOC18053797,2.05617150633896,0.00602037322139539
18053806,LOC18053806,1.14623272595786,2.72900704041438e-06
18053981,LOC18053981,2.58688790903258,4.73342467352531e-08
18054197,LOC18054197,-1.00193873197645,5.06784876713033e-10
18054200,LOC18054200,2.36960844436938,0.00178601024338395
18054202,LOC18054202,-1.0603410965022,1.13177703167853e-10
18054667,LOC18054667,2.01697366315627,0.0014213027510832
18054777,LOC18054777,-5.89996058770908,0.00426077099504681
18054790,LOC18054790,-1.68184002230368,0.000736346225707059
18054947,LOC18054947,-1.6817527797867,0.039214124764111
18054046,LOC18054046,-2.0219190732677,6.07121793276109e-09
18054050,LOC18054050,-1.35623676449535,3.46111821892875e-18
18054054,LOC18054054,-1.35166836176492,4.96579771074688e-10
18055294,LOC18055294,2.3605704951174,0.000516278894610568
18055300,LOC18055300,1.71757420146213,0.0194945354236734
18055071,LOC18055071,-1.38284265905942,1.30304439168184e-05
18055079,LOC18055079,1.62868599694856,0.000341789509414527
18054523,LOC18054523,-2.08145264555078,0.0235871083027154
18054894,LOC18054894,5.69032241111622,0.0161504683805795
18054901,LOC18054901,1.2104771320376,1.89468086610489e-05
18055333,LOC18055333,-1.6958762662491,6.10521537077697e-06
18055342,LOC18055342,2.28719919663623,0.000168714432539716
18055009,LOC18055009,-1.11431670409797,0.0234095049314821
18055050,LOC18055050,-2.04187296484487,0.019783836807371
18055104,LOC18055104,1.23055500607565,0.0276500697979418
18054382,LOC18054382,-1.04816314280968,3.60472646098974e-09
18054396,LOC18054396,-1.12420181684273,0.00236864516801158
18054865,LOC18054865,1.83532978468553,9.56248724268321e-14
18054866,LOC18054866,2.19493103885485,0.000344939774655599
18054867,LOC18054867,1.38287901175228,9.05103015884991e-06
18054871,LOC18054871,1.60739141211922,2.05032764277846e-08
18055392,LOC18055392,1.80306235298056,0.00628509193932378
18055473,LOC18055473,1.05855472695839,0.0308073119089898
112095436,LOC112095436,1.83048300379453,0.00362388001970084
18054853,LOC18054853,1.98902851508396,1.82435300009012e-14
18055681,LOC18055681,2.02277966965016,0.00290523119221973
18055690,LOC18055690,-3.74240540986385,3.3717500328384e-07
18055693,LOC18055693,1.12287759336293,0.0309663922007614
18054824,LOC18054824,1.22331973088619,0.000420818101895309
18054833,LOC18054833,-1.87044010443344,7.07939489908758e-07
18054839,LOC18054839,1.76163241042284,4.88106269900294e-05
18055655,LOC18055655,1.34543830915851,0.000453611472457397
18055776,LOC18055776,-1.38529442125032,0.00121762372193251
18055842,LOC18055842,1.31618656753003,7.34317459885659e-12
18055849,LOC18055849,-2.60283673535871,2.53694696169439e-09
18055889,LOC18055889,3.70997901088684,1.07127148901815e-16
18055895,LOC18055895,1.19905937001513,0.012577296645979
18055899,LOC18055899,-1.10119124646719,0.0134016836861739
18055901,LOC18055901,1.12188412571062,0.00214878955263149
18055733,LOC18055733,1.89027487105802,0.000140211901662906
18055959,LOC18055959,-1.73424514752694,0.028125303835807
18055944,LOC18055944,1.34261178961038,0.0209393447177526
18055947,LOC18055947,1.09502417090659,3.19057352173157e-06
18055428,LOC18055428,-3.90834587225011,0.0363186579933818
18056165,LOC18056165,-1.02214265908459,0.0297272428604216
18056158,LOC18056158,1.30556163009846,0.048644851531409
18054420,LOC18054420,1.17508066821848,5.54046437011816e-06
18054496,LOC18054496,2.96343723591966,0.0192205382706389
112095794,LOC112095794,4.92345175083213,2.31908003150126e-102
112101584,LOC112101584,5.41934738376909,0.0428607587449786
18056092,LOC18056092,-1.17070515901924,0.0389700251805168
18056093,LOC18056093,2.20977641124792,2.0765828524602e-21
18056137,LOC18056137,2.32754175093853,0.00446734567815886
18053694,LOC18053694,-1.67049914181444,3.67367439347311e-08
18054003,LOC18054003,1.73562987467291,0.00116286040697805
18054004,LOC18054004,1.32175243450881,2.3315493760685e-20
18054015,LOC18054015,-4.75141188370183,9.8012144635799e-09
18054023,LOC18054023,1.59308730308474,8.28266169269588e-05
18054028,LOC18054028,2.47737549038478,8.19823074738577e-29
18054083,LOC18054083,-1.23342368502557,0.00448062909192064
18053699,LOC18053699,2.64794080144172,0.000805049208388792
18054206,LOC18054206,2.91320784360838,5.76289107477298e-13
18054214,LOC18054214,-1.3912807535689,0.000751520122754523
18054174,LOC18054174,-1.50437693156168,0.000468922761564951
18054181,LOC18054181,1.08731186536527,5.98275970690274e-06
18054182,LOC18054182,1.15009800405889,0.0129169632561082
18054549,LOC18054549,-1.45435195822978,0.0121624481061905
18054337,LOC18054337,1.15814097103624,2.39342138405692e-07
18053905,LOC18053905,-1.20917204805317,0.0232120972416169
18053914,LOC18053914,-2.88698688810753,7.66019883436365e-07
18053915,LOC18053915,1.33209898949662,0.00498587526202989
18054403,LOC18054403,1.89188555440027,0.0209017999907069
18054405,LOC18054405,-1.22267062469064,0.0318728655764202
18054408,LOC18054408,-1.03968290217691,0.00359978869234311
18054415,LOC18054415,1.41529707862062,6.59426142829831e-05
18054749,LOC18054749,-3.12271603879061,0.00178975858965207
112095527,LOC112095527,-1.9223206117488,0.00694309663298363
112095890,LOC112095890,-7.58963754676349,1.30304439168184e-05
18054580,LOC18054580,3.0672760420515,2.30138087424275e-24
112095727,LOC112095727,-1.3513330084904,7.43626909928784e-05
18054682,LOC18054682,1.2668297079059,3.20781424464052e-07
18054686,LOC18054686,1.01078730932914,4.87588453643127e-07
112095812,LOC112095812,-2.55017826898227,0.00269077223981648
18054699,LOC18054699,-2.6317913910426,0.00155638026905756
18054703,LOC18054703,-2.00078779036576,0.0191787362814265
18054707,LOC18054707,-1.11505552659884,0.00666603195103709
18054446,LOC18054446,-1.65801464360427,0.00416132741282921
18054916,LOC18054916,1.59191453966275,2.52403697966132e-07
18054917,LOC18054917,2.43436009237186,2.7742622329454e-21
18054923,LOC18054923,-1.55243598853918,0.000779743693601703
18055405,LOC18055405,1.49997102126034,0.00158072914291408
18055413,LOC18055413,1.61209994822416,6.3496177238802e-09
112095418,LOC112095418,-1.85306106997495,4.90195038002764e-05
18055212,LOC18055212,-3.98782251201502,0.0301423136854454
18054952,LOC18054952,-2.10234478457069,0.000882524478739624
18055281,LOC18055281,-2.3204238464057,1.61465643179333e-05
18054888,LOC18054888,-1.15287651385984,2.16716512046301e-14
18054889,LOC18054889,-1.80479446979181,2.69561544770392e-07
18055116,LOC18055116,-6.57965544957611,2.60055971993958e-07
18055141,LOC18055141,-1.02963595687314,2.15888298389685e-09
112095764,LOC112095764,1.24827431498217,0.0223627347055609
18055147,LOC18055147,2.18554859987923,0.00326367119750005
18055186,LOC18055186,-1.60132816283223,0.000531697597723727
18055198,LOC18055198,1.34264121501573,0.0338103198060208
18055199,LOC18055199,-1.22558692965981,5.59815428053098e-05
18054366,LOC18054366,1.39461967723822,0.000340233212333336
18054367,LOC18054367,-1.03724991858561,0.0195861104225111
18054709,LOC18054709,1.26994600485789,0.00137671168175252
18055225,LOC18055225,-1.01098592532006,6.76738866029362e-10
18055229,LOC18055229,1.7010395830727,4.73342467352531e-08
18055230,LOC18055230,1.77361036272981,4.48522604027178e-07
18054820,LOC18054820,2.96539268001114,6.69329375078023e-10
18055556,LOC18055556,-2.72182860793588,0.0482975818766932
18055562,LOC18055562,1.37038340397877,0.000160659336586093
18055376,LOC18055376,5.83032338777076,1.29394753527292e-85
18054641,LOC18054641,3.55538027227374,1.35709721500324e-14
18054743,LOC18054743,-3.18067188825796,0.0145466003596951
18054745,LOC18054745,-2.41661918149983,9.60680676651748e-09
18055586,LOC18055586,-2.34211744515736,1.40530342293763e-13
18055591,LOC18055591,2.51430008201225,0.0038902241844557
18055906,LOC18055906,-1.03676593713943,0.000184390729262523
18055908,LOC18055908,1.75602970805779,0.0153914691500845
18055909,LOC18055909,-1.02898170278945,0.000164853701181704
18055307,LOC18055307,-1.3732981549113,4.12322122877364e-08
18055318,LOC18055318,-1.04228648868383,0.0169273653529901
18055743,LOC18055743,-1.3906140447057,0.00410207115789953
18055749,LOC18055749,1.8334107136129,9.66311332626978e-05
18055768,LOC18055768,-1.12058161418642,0.000649909823286014
18055771,LOC18055771,-1.09784134374572,6.20772597580855e-07
18055818,LOC18055818,1.13864078107066,1.86948978629965e-24
18055808,LOC18055808,-1.83163948729285,0.00273925455290545
18055925,LOC18055925,2.24943862734906,0.0031861516106873
18055507,LOC18055507,-1.01671172253728,3.54004987584634e-06
18054996,LOC18054996,1.35329309366392,6.78634181683799e-05
18056111,LOC18056111,-1.38905724416404,4.79154489363908e-07
18056028,LOC18056028,-1.85643045804532,0.00302416014173531
18056023,LOC18056023,-5.2103282188583,0.0492470981453782
18056003,LOC18056003,-1.1018667871511,0.0420461622806381
18054124,LOC18054124,1.188683385539,0.00679664555423295
112095569,LOC112095569,7.82934575098547,0.00032256233142344
18054143,LOC18054143,4.02862110318684,2.16017469972031e-06
18054144,LOC18054144,3.01841031825047,4.42092920422903e-12
18054145,LOC18054145,3.99200840814261,5.18033655482546e-10
112101622,LOC112101622,2.25620910934982,0.013596287481912
18054146,LOC18054146,1.91588689825903,0.027197250484887
18054150,LOC18054150,6.42966747961745,7.58306740545887e-13
18054151,LOC18054151,5.64980990010037,7.98080938205122e-18
18054152,LOC18054152,5.43712635052057,1.20195971879743e-06
18054157,LOC18054157,6.3974371188536,2.33162475894005e-10
18054158,LOC18054158,5.95095480086703,5.28495683988652e-19
18054170,LOC18054170,1.33613174789175,9.91576147960312e-05
18054620,LOC18054620,2.18085999303323,0.000506364870191881
18054621,LOC18054621,-1.74788252509639,7.87348793511308e-05
18055359,LOC18055359,2.56841596165554,0.00428900673813959
18055362,LOC18055362,-1.30662415696558,0.00805345276417043
18055701,LOC18055701,1.25823642982308,2.23350517476093e-06
18053856,LOC18053856,-1.02110622262081,4.9980893683873e-05
18053866,LOC18053866,-1.16608147793193,0.0248152552616975
18053818,LOC18053818,-1.21727911269173,0.000630322761304422
18054075,LOC18054075,1.31022710619366,6.75395831292153e-08
18054255,LOC18054255,-1.68269832706357,0.0009915365278459
18054260,LOC18054260,1.24295736161619,0.000577469159202993
18054655,LOC18054655,4.1811039314721,2.05353364696403e-15
18054657,LOC18054657,-1.13946159822457,0.000250790149448511
18053638,LOC18053638,-2.42833462434901,0.000903428186076178
18053639,LOC18053639,-4.08214899917421,1.48182354273064e-07
18053643,LOC18053643,-2.14698270897223,0.00254688273132444
18053651,LOC18053651,-1.7943410940294,0.00535201240136295
112101521,LOC112101521,1.02387752801353,0.00279700892180933
18053615,LOC18053615,-1.15152808005107,0.0439472602989269
112101510,LOC112101510,-1.21629183291679,1.75252975674298e-06
112101455,LOC112101455,1.72992431447498,0.0408942029976665
18050431,LOC18050431,-1.42106295846857,0.00341312861221529
112095426,LOC112095426,2.4076707585128,0.00613580940368248
18051180,LOC18051180,-1.03378753594882,1.07768268193528e-06
18051181,LOC18051181,-1.15088943766472,0.00701264547927603
112100756,LOC112100756,1.28214391163582,9.96340594361929e-06
18051193,LOC18051193,-1.12277190093163,0.0470989539345564
18050418,LOC18050418,-1.38208613077088,0.0044679363814489
112101161,LOC112101161,1.00927165944838,0.012884052657072
18050423,LOC18050423,1.40303188421818,5.32341574683408e-06
18052259,LOC18052259,-1.02709575041371,0.00138147097978093
18052257,LOC18052257,-1.53719628236591,0.0203513876866634
18052262,LOC18052262,1.22857936198433,3.02785806274502e-06
18051918,LOC18051918,-1.27360888931147,8.507703954531e-05
18051919,LOC18051919,-1.91686449804337,1.75525380770773e-05
112100815,LOC112100815,1.27483837229238,9.05103015884991e-06
18052129,LOC18052129,-1.16600750512562,0.000449102419904629
18052133,LOC18052133,-1.03358922150643,0.0230374726541186
18052139,LOC18052139,-1.50854298011369,0.000230843740080802
18052152,LOC18052152,2.13826484892632,0.0143078838248037
112100821,LOC112100821,-1.07335976093969,0.000138753316774702
18053016,LOC18053016,3.65091889311424,0.0214011508319283
18052057,LOC18052057,-1.57979349026296,3.49458951429942e-08
18052070,LOC18052070,-1.07403387301914,2.17922288848031e-07
18052054,LOC18052054,-1.26698123747245,0.0167731679706035
18053370,LOC18053370,2.58427712219992,2.19530445545215e-10
18053375,LOC18053375,-2.47291503712231,1.07134048623034e-07
18053379,LOC18053379,-1.43947398724749,0.000975497735425491
18052886,LOC18052886,-2.00826390620576,0.00448062909192064
18052887,LOC18052887,2.42740636769441,4.35252001438388e-07
18052891,LOC18052891,1.20039421745235,0.0489478612790666
18052333,LOC18052333,1.55022384361219,0.00620809450391491
18053066,LOC18053066,-6.41312434563941,0.000365643309060383
18053074,LOC18053074,-1.74361206204086,0.00316234087597308
18050534,LOC18050534,1.44026467990305,0.00345912725972246
18050539,LOC18050539,1.77193147197668,0.000328890044317037
18053155,LOC18053155,1.15362566330021,0.00305974369004874
18050548,LOC18050548,4.4348073628667,1.27876298402224e-32
18050769,LOC18050769,1.28878474327351,6.6598667253884e-06
18050780,LOC18050780,1.46777555854827,0.0315758889452863
18051283,LOC18051283,-1.15551070812577,2.0736161434474e-05
18050897,LOC18050897,2.50363011272179,3.61164351157643e-31
18050900,LOC18050900,-1.58290898472666,0.000110848888378607
18050561,LOC18050561,1.91448583477667,0.036363168056548
18050564,LOC18050564,4.95824850318302,2.71271387154973e-34
18050569,LOC18050569,-2.98038684645244,0.000142686116969571
18050572,LOC18050572,-3.63205631860735,0.036568089546256
112101172,LOC112101172,-3.03437820670123,0.00371683867390701
112101124,LOC112101124,-1.8773138212255,0.00161100434647969
18050575,LOC18050575,-2.16085933909153,3.43563464451766e-05
18050679,LOC18050679,-1.40012199863235,0.000147739417237659
18051070,LOC18051070,-1.39109606107212,0.000222484669680035
18050888,LOC18050888,-2.45301144275758,0.0132775678810738
18050892,LOC18050892,-1.36053583387542,5.92008421217982e-07
18051224,LOC18051224,-1.57900664508349,0.00133718643450927
18051789,LOC18051789,1.1395132926327,0.000366695901798451
18050739,LOC18050739,-2.81551112738972,2.40062698330661e-09
18051839,LOC18051839,-1.56636762743156,0.00283571087054198
18051848,LOC18051848,1.02960354433089,0.00228692182750967
18051512,LOC18051512,1.82872558541754,0.000779970385047353
112101102,LOC112101102,1.73882142950472,0.0153642806940393
18051558,LOC18051558,-1.64423730982627,4.84866175036293e-05
18051561,LOC18051561,-1.22430942820312,0.000111209360298425
18051572,LOC18051572,-1.20766482438,0.00167951357788718
18051340,LOC18051340,-1.90533913764319,1.14212854301157e-05
18051925,LOC18051925,-2.64862385413505,0.0064937877620209
18051968,LOC18051968,-3.39910772555031,4.70310386387287e-47
18052754,LOC18052754,1.61065718096023,4.08710632548139e-05
18052964,LOC18052964,1.01592614537827,0.039033366390798
18052988,LOC18052988,-2.03837892509944,0.00541778695994993
18053002,LOC18053002,-1.2440686907988,1.55425343508624e-15
18052612,LOC18052612,1.87645715417647,0.0313273053101726
112100905,LOC112100905,2.45948974847858,0.0245003429022054
18052618,LOC18052618,2.53221338615483,0.0198003676175851
18052981,LOC18052981,1.51679853520866,0.00175640343993246
18052983,LOC18052983,1.71021826301492,6.38120053391897e-06
18052237,LOC18052237,1.13495487156687,0.0227140952183543
18053598,LOC18053598,1.3387292322495,8.46737261419244e-06
18053419,LOC18053419,-1.80616077622928,0.0155956750559444
18052826,LOC18052826,1.09544357717397,1.93235794774067e-06
18052831,LOC18052831,4.38649757429151,4.56085241119382e-55
18053481,LOC18053481,-2.01106284772678,0.0115907774467141
18052734,LOC18052734,4.43590130423942,0.00085599643485293
18052645,LOC18052645,1.18620996956998,0.0312275809725288
18052647,LOC18052647,-1.85894673671837,0.00216758726126627
18050831,LOC18050831,-1.32319853148909,1.61133140540698e-15
18050832,LOC18050832,-1.86946694553858,5.05591878412658e-26
18053108,LOC18053108,2.5612340053695,2.14726998331938e-10
18050391,LOC18050391,1.62295274190344,0.0213105302338183
18050395,LOC18050395,1.2189054492794,0.028668882805089
18050399,LOC18050399,-1.0709067059842,0.00969908466799379
112100748,LOC112100748,-1.69869043776575,0.00341919591358494
18051020,LOC18051020,-1.39469617267702,9.05555654097587e-07
18051021,LOC18051021,1.54505953216708,0.0212355020714712
18051024,LOC18051024,1.21312248970979,0.000382648272378385
18050940,LOC18050940,-1.26898864667617,0.0247232479952169
18050520,LOC18050520,1.13522152111971,0.0147558188398038
18050523,LOC18050523,-1.31413753853488,0.00818131109005071
18051402,LOC18051402,1.38706457187559,0.0043631125432212
112101119,LOC112101119,-1.13534431724442,0.00100713969298188
18051365,LOC18051365,-1.55889343126002,1.65594268191262e-09
18051373,LOC18051373,-1.24105076522078,0.0215159705627285
18052032,LOC18052032,-1.64955182936009,0.000611292270698062
18052052,LOC18052052,-3.24532074918788,0.00760231712165886
112100996,LOC112100996,-1.07377228371901,0.0311383601012546
18052188,LOC18052188,-3.29616494564648,1.43124973873089e-05
18051725,LOC18051725,-1.34642434826223,0.0464751838834994
18051734,LOC18051734,-1.09320939695498,0.00063218320536693
18051622,LOC18051622,1.08686516247403,0.0173605428191516
18051624,LOC18051624,-1.28507277086625,0.002943250304753
18052288,LOC18052288,1.07918886863351,3.65780998542888e-08
18051664,LOC18051664,-1.18388331391091,0.00207197146741435
18052431,LOC18052431,-2.74631485792908,8.98573630867812e-06
18052440,LOC18052440,3.79475413120141,0.0083421308425651
18052443,LOC18052443,3.24187972159236,0.00263701295867775
18052553,LOC18052553,3.22826988165478,9.85953344945905e-10
18052867,LOC18052867,-1.26111968985456,3.44915712485941e-05
18052085,LOC18052085,3.75606728651025,5.5276661753706e-12
18052086,LOC18052086,3.49796465023549,1.02178610140768e-05
18052093,LOC18052093,-3.86005728886661,0.00278382481570915
18052900,LOC18052900,1.31143110348183,5.39027540322305e-05
18052906,LOC18052906,-1.26056242360417,1.00205800001706e-17
18052368,LOC18052368,2.0322629865699,1.14590837512132e-05
18052369,LOC18052369,3.30836610081783,1.55273700576721e-08
18052372,LOC18052372,1.15428579930267,0.000218406415224381
18052378,LOC18052378,1.42497949381859,3.1770565784197e-05
18052684,LOC18052684,-2.3409198653735,0.000185210749136784
18052687,LOC18052687,-1.71468478510906,0.000206485909100408
18052694,LOC18052694,-1.47281849902399,2.09736193891605e-10
18053498,LOC18053498,-1.19943239197695,1.55532489116002e-11
18053314,LOC18053314,2.00036491915085,0.000818158025140561
18053573,LOC18053573,5.98825339970163,0.00379360744820342
112101126,LOC112101126,1.11171793138279,2.27022331368407e-11
112101196,LOC112101196,1.2387092986085,2.83750928408145e-05
18053456,LOC18053456,2.81464757050575,2.67967172603096e-28
18051091,LOC18051091,-1.22973785146729,0.0117543874058443
18052349,LOC18052349,1.45533409101674,9.34290153727917e-17
112101140,LOC112101140,2.90729640667606,8.79634775383768e-06
18050925,LOC18050925,-1.08917497830671,0.00159682707077085
18050662,LOC18050662,-1.15498409068785,0.0105790661768
18050857,LOC18050857,1.66812376032735,0.0496051880039457
18050866,LOC18050866,-1.34034185492313,0.000612682708099851
18052002,LOC18052002,1.37301107970641,1.19747187041391e-05
18052013,LOC18052013,-1.28920167141481,0.0203736729848905
18052015,LOC18052015,1.06390205359801,0.00339980223778011
18051687,LOC18051687,-1.01719128468542,0.0386563263691685
18051689,LOC18051689,-1.29505032038161,1.72031477737821e-13
18051699,LOC18051699,1.13363964259514,0.0182284843975412
18051393,LOC18051393,-1.05047217926227,0.000154684648578906
18051434,LOC18051434,2.61018382841651,0.0467933234636012
18051426,LOC18051426,3.05735037805007,2.66269013690795e-06
18051427,LOC18051427,3.21355679997088,7.08430655984214e-07
18051432,LOC18051432,2.58409294977814,2.21037676415954e-05
18051758,LOC18051758,1.86993100273619,1.30802911627043e-12
18052219,LOC18052219,-2.96941154579621,0.00810033815755012
18051259,LOC18051259,-1.45087011725458,3.26973545822199e-05
18052594,LOC18052594,-1.32507724237305,0.0010542987806936
18052598,LOC18052598,-1.04388723636059,0.00434753894677762
18052310,LOC18052310,4.38003829957852,3.67517135443274e-13
18052314,LOC18052314,-1.08489011808655,0.0092450591491859
18052389,LOC18052389,-1.66639388724717,0.0323717516848873
18052397,LOC18052397,1.47816212204708,0.0151291732916196
18052470,LOC18052470,2.31469266911525,0.00880204769865004
18052473,LOC18052473,-1.81151534390716,6.15755222754573e-05
18052482,LOC18052482,-2.07448254675737,0.0393712637255928
18052481,LOC18052481,-3.0333817899659,1.23493358181309e-32
18052697,LOC18052697,-1.42457128951411,0.00052294513591483
18052700,LOC18052700,-1.38447480656799,0.00131988668023308
18051772,LOC18051772,2.24791687938553,0.0356453383434768
18052412,LOC18052412,-1.3627417359981,2.31480104313975e-10
18052426,LOC18052426,2.01805790975182,1.14453869933691e-08
18052154,LOC18052154,1.45203372089012,0.000386715795352118
18052160,LOC18052160,1.5146327512263,2.54678806279444e-06
18052164,LOC18052164,-1.21985116759134,0.000729787703536256
18052168,LOC18052168,2.40463574528291,2.63091486383913e-11
18052657,LOC18052657,-1.51019728792669,0.0451738988929114
18052660,LOC18052660,1.47677723983867,0.0214859297147738
18052664,LOC18052664,-6.580764877888,0.000181001885849675
18053543,LOC18053543,1.20801217159741,0.00846762176063241
18053509,LOC18053509,1.01064213365542,0.0343735507673169
18051602,LOC18051602,1.61967371500651,1.44636841734474e-10
18051609,LOC18051609,-1.59227992360469,0.000323350126439975
18051618,LOC18051618,-1.9020565335449,0.00449106875499445
18053403,LOC18053403,-5.24787848953295,0.0295387823185271
18053346,LOC18053346,-1.09769214350211,0.000421350477516051
18053349,LOC18053349,-1.5293835723493,3.19773059767254e-06
18053351,LOC18053351,1.5483754603145,0.000232335774053359
18052813,LOC18052813,1.16025952262099,5.96741426656668e-06
18052816,LOC18052816,-1.1744100517504,0.00105943708680127
18053215,LOC18053215,-1.56188270243898,0.010238881850516
18053223,LOC18053223,-1.38339035640636,6.35491562274296e-14
18053232,LOC18053232,-1.45432371985586,0.00689787987339628
18053231,LOC18053231,1.66634545498019,4.06001152001683e-13
18053240,LOC18053240,1.22574726860363,4.88343264538519e-05
18053083,LOC18053083,1.07028323470964,7.20992533904844e-05
18053087,LOC18053087,2.35446501427276,0.00341312861221529
18053090,LOC18053090,1.3359393669082,0.0147821918398926
18053181,LOC18053181,-1.27613747052043,0.000493567134705756
18053264,LOC18053264,3.88007686142578,0.00419455714299791
18053261,LOC18053261,-3.54713690937276,0.00014289645142624
18053263,LOC18053263,-3.56715354016143,0.000362938337381813
18050719,LOC18050719,-1.13912417904017,0.00630139444353491
18050720,LOC18050720,-1.31089634494381,0.0239128851846204
18050721,LOC18050721,1.05414071425945,9.51396127305325e-06
18050645,LOC18050645,1.37118340234389,0.0186343248573384
18050646,LOC18050646,-2.27363593414785,0.00171080240418153
18050743,LOC18050743,-1.30960056257417,0.000287728960477262
18050472,LOC18050472,1.91822775379689,7.46029724055758e-07
18050696,LOC18050696,-4.53603822979422,1.91920050165629e-26
18050959,LOC18050959,1.5070979474764,0.000280131727907854
18051029,LOC18051029,1.94618643923959,0.00128107971551657
18051001,LOC18051001,2.70729977547069,0.0009423105542032
18050616,LOC18050616,1.6654146791594,1.18339947374618e-22
18050620,LOC18050620,-1.17518156596317,0.0492407498082465
18050624,LOC18050624,2.50637505954286,0.00802406120404908
18050630,LOC18050630,-3.21869309334394,0.00136493998902381
18051154,LOC18051154,-1.35421803944396,0.0225664748542419
18051159,LOC18051159,-1.00135225718081,4.78491705553043e-07
18051160,LOC18051160,-6.32303334026926,0.000894371375091946
18051172,LOC18051172,-1.12675302713068,0.00502900272492896
18051716,LOC18051716,-1.0123132982976,0.0104697343398411
112100717,LOC112100717,-3.14671552925609,0.0109732216065593
18050359,LOC18050359,-1.33505986857955,2.6515056021997e-06
18050357,LOC18050357,-1.79367463558624,1.61797663875002e-19
18049780,LOC18049780,-1.20198557124467,1.35125299411447e-06
18049781,LOC18049781,-1.38954396741951,0.00226485586839251
18047346,LOC18047346,-1.11811539595084,0.000559605307577206
18047351,LOC18047351,-1.48228721777314,0.000215683035933973
112100077,LOC112100077,-1.01103891429001,0.0128794026267708
18049208,LOC18049208,-1.15958918709757,0.00402534505733153
18049214,LOC18049214,-1.24712731236075,0.0295483514895335
18046904,LOC18046904,-1.90803644738627,0.00969064905051396
18046907,LOC18046907,-1.08432536152629,0.0197696107424939
18047553,LOC18047553,-3.28237450231174,1.6274061386225e-22
18047468,LOC18047468,-1.91420486772852,6.4958964508526e-06
18046063,LOC18046063,-1.17054751914856,0.042641507985007
18046067,LOC18046067,1.17441158225351,5.58514753853734e-13
18046330,LOC18046330,-5.70941533811356,0.00981214853178838
18049853,LOC18049853,3.66378823837578,3.5497732377205e-30
18047337,LOC18047337,1.03399444159326,0.0389799168815556
18046380,LOC18046380,1.61480528813129,0.00173572077303869
18046436,LOC18046436,1.91341892523736,1.56687483230076e-09
18048645,LOC18048645,-1.55061569591294,0.00245914773254001
18048644,LOC18048644,2.18449901144723,3.84086555090452e-07
18047363,LOC18047363,-1.5985258301668,1.19967816967435e-05
18045924,LOC18045924,1.2172038795858,0.0018500289246319
18047767,LOC18047767,-1.48252063783884,0.000228115149622339
18049926,LOC18049926,2.72909442241902,1.71971287647215e-17
18048699,LOC18048699,1.60457018293737,3.67917970608904e-06
18048700,LOC18048700,-1.46123565025828,6.68928406865183e-07
18047042,LOC18047042,3.55046793576844,0.00886829499620919
18047044,LOC18047044,1.54714888992977,7.57857806487221e-05
18047047,LOC18047047,1.14843432721011,0.00013634406800953
18047722,LOC18047722,3.60642587402088,9.81530372512382e-06
18046095,LOC18046095,1.94597509285172,2.41379342641442e-09
18046970,LOC18046970,-1.27314329925798,0.00347719921893613
18046016,LOC18046016,-5.65743029855708,0.00765675463576932
18046023,LOC18046023,1.23092303217845,0.0208646986097072
18049798,LOC18049798,1.64999314221198,0.00520901795492298
18049800,LOC18049800,-1.12586979312116,6.69709643516679e-05
18049166,LOC18049166,2.40320700659214,0.0462429288424949
18047579,LOC18047579,-2.54587896093581,7.03713001365824e-06
18047580,LOC18047580,1.34999146682463,0.038626542298491
18048635,LOC18048635,-3.03897896383377,0.000168714432539716
18048467,LOC18048467,1.54720657405576,0.00150303012068014
18048022,LOC18048022,2.94906186993352,2.98574110773895e-09
18048235,LOC18048235,-1.22960102215063,0.000336582582481731
18048704,LOC18048704,1.53606773239612,0.0064659110957257
112100301,LOC112100301,-1.17422392250517,0.00144096350095579
18049966,LOC18049966,1.51277930747635,9.26042746334001e-07
18049967,LOC18049967,3.91729997579603,6.67410161223735e-35
18049968,LOC18049968,1.06469225845362,0.0141820255343303
18049969,LOC18049969,-1.07151621973231,0.0102088490370777
18047107,LOC18047107,1.02195651801332,0.000264322910487431
18045787,LOC18045787,-1.01097288302476,0.00626058379265565
18048408,LOC18048408,-1.25489706136632,1.18591751987953e-07
18049994,LOC18049994,-2.18984581822232,0.00700200557020727
18050002,LOC18050002,1.83015090412934,0.00129169311384168
18047427,LOC18047427,-3.80704274141363,9.82906812297857e-12
18047429,LOC18047429,-2.44064238392626,0.0167731679706035
18049887,LOC18049887,-2.70270986406468,9.43619383604294e-08
18049897,LOC18049897,1.1159381204389,0.0217437576320683
18047695,LOC18047695,-5.88755544511158,0.0117757945239827
18048579,LOC18048579,-1.00158683203334,0.00535355269123122
18048583,LOC18048583,1.11683489655044,0.0432624975836832
18046932,LOC18046932,1.07787652859966,0.0246640534404427
18045818,LOC18045818,1.0078026640022,7.3326915154384e-05
18045819,LOC18045819,1.07639590455951,0.000185559519685613
18047916,LOC18047916,1.07204926305746,6.2147941474111e-07
18049138,LOC18049138,-1.22773590809407,1.0970527116109e-07
18047159,LOC18047159,-2.27989906188554,0.0047060603647994
18048989,LOC18048989,1.16657884718365,0.000891981779174471
18049462,LOC18049462,5.13956683727944,2.63701858441501e-05
18049465,LOC18049465,-1.01382075073749,0.00586649830763047
18046476,LOC18046476,1.22953032744932,0.00674204765530262
18048622,LOC18048622,-2.36271670783317,2.66269013690795e-06
18045779,LOC18045779,-3.09475517167049,0.0408942029976665
18045785,LOC18045785,-2.6819253459259,0.000369147824831732
18047299,LOC18047299,-1.95590337061341,0.034324247079103
18047665,LOC18047665,1.32624140910601,0.0015759259304148
112100336,LOC112100336,-1.47947043351912,0.0108595732167258
18046732,LOC18046732,-6.39253310128422,0.000391055705323753
18046733,LOC18046733,-1.58216134686608,0.0013680096492292
18050337,LOC18050337,-1.67305004401204,0.0465764925839291
18050347,LOC18050347,6.66733313301785,2.95557768698191e-10
18049697,LOC18049697,-4.11439181690142,0.027247528485947
18047447,LOC18047447,-2.36040106800522,0.0431304611422465
112100355,LOC112100355,1.38115218851076,1.05164796997259e-09
18048665,LOC18048665,-1.45361954618822,1.03914144921407e-05
18048292,LOC18048292,-1.01511861356574,0.0117005506811553
18045915,LOC18045915,-1.58963502220709,1.23835918977557e-14
18045979,LOC18045979,1.10436903550381,0.00675277640829094
18050232,LOC18050232,-1.52119564263994,2.70376071222466e-21
18049345,LOC18049345,1.39927225429352,0.000743316121039276
18049347,LOC18049347,1.64387957690137,1.37355697701616e-07
18049668,LOC18049668,1.73381200958806,1.44091745626307e-12
18049444,LOC18049444,-1.1896774383404,0.000352876354071518
18050298,LOC18050298,1.2039946656519,2.51912568352286e-06
18048926,LOC18048926,1.32289788624333,0.0493988364454341
18047607,LOC18047607,-1.43176978297627,0.00295910596502
18049575,LOC18049575,-1.99411953105358,0.0447244328646994
18049576,LOC18049576,-1.5506767957844,0.000568959345026413
18049577,LOC18049577,-2.1256601157708,0.0270240756367457
18049579,LOC18049579,-1.04832158028238,0.0466985658221161
18049361,LOC18049361,-1.67048834302591,0.0268871125685566
18049362,LOC18049362,-3.02278790202156,0.0314260117392721
18049157,LOC18049157,1.94385580553439,0.0185095729508446
18047231,LOC18047231,-1.11936837532793,0.0290626205831061
18047232,LOC18047232,-1.25391668111916,0.00649150751571265
112100160,LOC112100160,-1.02408413937859,0.0221106985864217
18046501,LOC18046501,-1.88755998467552,0.0115784568204805
18049641,LOC18049641,1.42076093291571,0.0166765855613942
112099685,LOC112099685,6.81762550010932,1.06753690279068e-05
18048461,LOC18048461,1.2295830217342,0.000135133271156145
18049441,LOC18049441,-2.07759196014838,0.0162090330398264
18048532,LOC18048532,1.3479958256319,4.331922341101e-05
112100061,LOC112100061,1.39421374411777,0.000213453431079907
112099695,LOC112099695,1.24702973082711,0.00658984783977108
18049086,LOC18049086,1.25081807103292,2.88547024522803e-14
18049087,LOC18049087,1.44535085968203,0.00105871800404193
18050031,LOC18050031,1.16913881819591,0.00129139817467616
18049252,LOC18049252,-2.05340790374168,0.0493177131626836
112100314,LOC112100314,1.43021075900967,0.0045642950909693
18047418,LOC18047418,4.82670508550818,9.07807819988932e-35
18048151,LOC18048151,-2.06619839404338,0.00116405501007476
18048154,LOC18048154,-2.99343571883232,2.39638475611076e-13
18048155,LOC18048155,-1.29768705775765,0.00367018853662412
18046741,LOC18046741,-1.33162190335361,2.65381081743809e-06
18046743,LOC18046743,-5.38833608425656,0.0173101558394217
18048523,LOC18048523,-1.23780593903809,0.0255683992380146
18045802,LOC18045802,-1.94765902864717,0.0118770777729821
18049615,LOC18049615,-5.23177752932964,0.0368636821578665
18049379,LOC18049379,1.12857629087835,3.38090482275519e-05
18046752,LOC18046752,1.98913668194852,7.55898309893832e-11
18049508,LOC18049508,1.30750173984324,0.00328025638336051
18049511,LOC18049511,-1.06541966006543,0.013306505682878
112100208,LOC112100208,-1.53635906707447,0.00557648829963364
18048062,LOC18048062,-4.0658368353305,0.0106490111096956
18048096,LOC18048096,-1.78967505920579,0.0231590481003947
18048097,LOC18048097,-5.50978816238929,0.0180177013666578
18048099,LOC18048099,-1.93596702537354,0.0414568929242557
18048104,LOC18048104,1.30697345955492,0.00420008665584075
18047288,LOC18047288,1.4272218336305,0.0301278936654251
18048108,LOC18048108,1.03322871397993,0.000435172084327176
18046136,LOC18046136,-1.82520771936552,0.000457322810853751
18047131,LOC18047131,2.11563290844835,0.0192205382706389
18046011,LOC18046011,2.48902435852055,1.89001166875595e-07
18049870,LOC18049870,-1.09606756163314,0.000199523360411638
18049864,LOC18049864,1.42267551058446,2.10772075143655e-08
18049529,LOC18049529,-1.13608084697136,2.38270758050239e-05
18047481,LOC18047481,-1.06037510918721,0.00026481899450985
18047487,LOC18047487,-1.33693883977805,0.00158244917629711
18047791,LOC18047791,1.08247830213156,0.0417293663513636
18046255,LOC18046255,2.48371870373069,2.72647047924044e-08
18046259,LOC18046259,-3.02859626869775,0.00245037205966778
18046264,LOC18046264,3.72590746641306,0.00141025256128683
18046523,LOC18046523,1.53288334384615,0.0464238407713874
18046321,LOC18046321,1.78551237305399,5.61905985305083e-31
18046784,LOC18046784,-1.2485820833263,3.49272317093446e-11
18046786,LOC18046786,-1.45992891236937,0.000894371375091946
18046788,LOC18046788,-2.62257540798201,0.0251979491535399
18049219,LOC18049219,-1.79682501546431,0.0407417369453411
18046282,LOC18046282,1.08927173323443,0.00347719921893613
112099893,LOC112099893,-1.44171418831175,0.000369737768674111
18046288,LOC18046288,-2.00444551490849,0.0226748004520828
18046126,LOC18046126,1.87834962827125,0.00019325108623672
18046824,LOC18046824,-1.28252827719103,2.70612634187564e-05
18046946,LOC18046946,-1.36445103830526,0.0117749297595699
18049690,LOC18049690,2.26463481421933,0.019692844278789
18050112,LOC18050112,-1.35880700968035,0.0268213475399093
18050117,LOC18050117,2.27161258086122,0.0436717836882412
18045834,LOC18045834,2.21875541562506,0.00190804245654563
18045837,LOC18045837,1.82936073822039,0.00952859748310124
18045840,LOC18045840,1.82200705153208,1.30483381492942e-06
18045843,LOC18045843,-1.13141008471205,0.0311440588556034
18048213,LOC18048213,1.6212418148844,0.00355772895233836
18046812,LOC18046812,1.52924860006698,1.62125409773713e-06
18050151,LOC18050151,-1.03963377319579,0.00118747509638617
18046308,LOC18046308,1.09382748407052,1.06751582678253e-15
18048867,LOC18048867,-3.12329511507422,0.00802718280605782
18046368,LOC18046368,-1.59440664910698,0.000169523204100336
18046371,LOC18046371,-1.6941127703347,3.30628087485899e-07
18049276,LOC18049276,1.08588198755632,0.000688994577295666
112100206,LOC112100206,2.23538111386312,6.07143070462088e-08
18046233,LOC18046233,-1.80501727542251,0.00773599998196129
18049660,LOC18049660,-1.07939899458383,6.59426142829831e-05
18049661,LOC18049661,1.42499463297741,8.87257519816309e-05
18047440,LOC18047440,3.09784003275261,0.0207597983744265
18047446,LOC18047446,-1.33402270356557,0.0255683992380146
18047454,LOC18047454,1.52586600057126,1.94367939332784e-09
18049178,LOC18049178,-1.30635808347686,0.0217199100736367
18049179,LOC18049179,-1.52774916823877,0.0117749297595699
18049181,LOC18049181,2.20165751326598,0.00938508622401356
18046399,LOC18046399,-2.64722858075829,1.30328342386152e-05
18049771,LOC18049771,-2.23541632120204,0.003863820679021
18048185,LOC18048185,-4.86134892622102,0.00690219952699795
18046561,LOC18046561,-4.54779255615094,2.36046798703256e-12
18046562,LOC18046562,-4.57500066090874,2.44369178762254e-16
18049268,LOC18049268,-1.03629268592878,0.00199379125705147
112100231,LOC112100231,3.02855257205778,1.33760498753152e-11
18049269,LOC18049269,-1.04336288584569,0.000120279985969927
18046339,LOC18046339,1.37012355747786,0.0208646986097072
18049131,LOC18049131,-2.33566121891662,0.00308837865826557
18048027,LOC18048027,-1.97917968050362,1.19747187041391e-05
18046780,LOC18046780,1.16468764183698,8.12460395549452e-05
112100197,LOC112100197,3.35978227147001,4.14271316389101e-06
18045864,LOC18045864,-2.63094528048555,9.9858963951047e-46
18046344,LOC18046344,1.44114101208896,0.0208019731901644
18049315,LOC18049315,1.47305940085955,0.000119292150036678
18048272,LOC18048272,1.2335186116583,0.00138257270399767
18047168,LOC18047168,-1.39775094482973,0.00883383496604831
18047178,LOC18047178,1.15601785273265,5.82630905078859e-08
18046990,LOC18046990,-1.06850464606001,0.0154612678640736
18046354,LOC18046354,1.47389220936295,0.010126766567582
18046356,LOC18046356,1.26737360609328,0.0153764713326909
18046357,LOC18046357,1.37093863718305,2.01482251481378e-09
18049836,LOC18049836,1.27333983915986,0.00105871800404193
18049841,LOC18049841,2.48370083313687,0.00181284005343277
18047877,LOC18047877,1.58065355628818,0.0186461446725211
18048168,LOC18048168,1.80308914445889,0.000843960745515779
18048998,LOC18048998,-4.60722237942638,0.00645139120941012
18048993,LOC18048993,-1.14386466201801,9.72829195902901e-05
18048846,LOC18048846,1.58668717041861,1.99133862852424e-05
18048848,LOC18048848,-1.47718218768089,0.0496554355569778
18045881,LOC18045881,1.52967071016437,0.0330846763248515
18045884,LOC18045884,1.36230208035001,0.00325103889602432
18050069,LOC18050069,1.44689146738394,3.35224741494697e-05
18050261,LOC18050261,-2.54455846003518,0.000635495546881484
18050251,LOC18050251,-1.60438591429177,1.84117040768119e-07
18047704,LOC18047704,1.67061275309422,4.66383018953393e-06
112100012,LOC112100012,-3.02239377008617,5.99051763596245e-07
18049103,LOC18049103,-1.23063986991942,0.0470978525709602
18049109,LOC18049109,6.24633564192632,3.71543816428009e-13
18050073,LOC18050073,1.07191064058813,1.9398776973438e-05
18050078,LOC18050078,1.66138537948294,2.96733650729954e-06
18050080,LOC18050080,2.30789222898588,2.66269013690795e-06
18050084,LOC18050084,-2.62185517245528,6.96187013944643e-38
18047494,LOC18047494,-1.04538996342421,6.56671164607431e-14
18049952,LOC18049952,-1.27646237464201,0.0458773357253374
18049953,LOC18049953,5.3004002117725,0.00163308261154187
18047007,LOC18047007,1.01827473918852,0.0258310067600845
18047012,LOC18047012,1.03710729615364,6.46156595744285e-09
18046960,LOC18046960,-1.57189293816576,0.00618420880502784
18046953,LOC18046953,-2.45846149368602,1.03914144921407e-05
18046982,LOC18046982,-1.36064259891496,0.048748236510801
18049233,LOC18049233,-1.11998562586217,4.24602607984684e-05
18049237,LOC18049237,-2.81568417852334,9.36046014724819e-23
18048822,LOC18048822,-1.19538301178712,0.00150087997839654
18048831,LOC18048831,1.54024913215592,7.1443168918725e-11
18047052,LOC18047052,-1.32388500979348,0.00583895229648885
18049825,LOC18049825,1.88223137714829,1.3625829511684e-17
18048239,LOC18048239,1.52257045434107,1.43849517218938e-07
18047317,LOC18047317,-1.03241774508062,0.00292566231824139
18047321,LOC18047321,-1.05500078989403,1.28090405534807e-06
18047557,LOC18047557,-4.10874191194566,0.0484975964998931
18047247,LOC18047247,1.03265669821235,2.39638475611076e-13
18047250,LOC18047250,-2.02306951054399,0.00122113448561784
18049657,LOC18049657,6.87250279994269,0.000237441181070808
18049899,LOC18049899,2.33958810990034,0.000172097127333514
18049907,LOC18049907,-1.0159197368598,0.000694879138184571
18046688,LOC18046688,-1.38097151895057,1.08700448997868e-05
18049976,LOC18049976,2.35851351761398,0.000994075998177636
18050207,LOC18050207,-1.01077565216763,0.0182787930438483
18049333,LOC18049333,-1.85971868145333,3.08926344847066e-09
18046891,LOC18046891,-3.69280799578966,0.0117874177905298
18047164,LOC18047164,1.06345300148991,0.0225128563849103
18047940,LOC18047940,-3.41328106547119,0.0483620075032206
18047942,LOC18047942,1.59338069569758,0.00257684418927183
18048346,LOC18048346,4.95533200319601,3.77530605454954e-06
18048353,LOC18048353,-2.61129438344441,0.0263440248731899
18045753,LOC18045753,-1.55992872436169,0.0139785024289071
18045747,LOC18045747,-1.52647810181491,0.000821865455736096
18044285,LOC18044285,-1.05108075265583,0.000236414380098937
18044895,LOC18044895,1.07415226387371,0.00352823768147516
18044710,LOC18044710,1.18266897516419,0.019811795799519
18044716,LOC18044716,-1.01497199543216,0.0169447244894299
18044715,LOC18044715,-1.15409327614537,1.19214921891739e-07
18043428,LOC18043428,1.34263438466972,2.77929983725011e-05
18043431,LOC18043431,1.88749107137995,0.0147584522443598
18043429,LOC18043429,-1.01005822376776,0.0212716767755217
18043434,LOC18043434,1.53632301240421,5.9182133549725e-19
18045465,LOC18045465,-1.49272108620962,0.00334032108664077
18045349,LOC18045349,1.07485889534333,0.000111209360298425
18044229,LOC18044229,-1.17780572559934,0.00159628990444358
18044523,LOC18044523,-2.32026829665286,0.0130970203127506
112099278,LOC112099278,2.29313666139677,6.5795691911569e-08
18045476,LOC18045476,1.76695463092159,2.15888298389685e-09
18043414,LOC18043414,-1.10210093375013,0.000716390368525567
18043416,LOC18043416,1.05617452313777,0.0433848143903203
18043624,LOC18043624,-1.41307486916369,0.000325881716551979
18044210,LOC18044210,1.16864222016619,3.1160792033226e-05
18044920,LOC18044920,-2.63811764755302,0.00509863392142284
18045107,LOC18045107,2.98978324063277,1.15209777160122e-35
18044180,LOC18044180,1.5033540458456,1.5968586973885e-06
18044751,LOC18044751,-1.27484002510709,0.00459727030683395
18043517,LOC18043517,-1.08513193447357,0.0104720496507426
18043518,LOC18043518,-1.66834189654749,0.00449935943109776
18045144,LOC18045144,-1.98304258693928,0.00267423603437369
18044121,LOC18044121,-2.72705392182122,2.88659457821323e-05
18044125,LOC18044125,-1.36941970588202,0.000362573310306832
18044013,LOC18044013,1.07138733148905,0.01665157284296
18044429,LOC18044429,-2.29122513366735,1.00959775956719e-18
18044430,LOC18044430,6.61648874733283,0.0248062321128363
18044431,LOC18044431,2.23654289142592,6.91808246913827e-06
18044432,LOC18044432,4.29960724803295,0.00532602049666928
18043925,LOC18043925,1.29437070390295,0.0470970721844889
18043604,LOC18043604,1.05574384744131,0.00138516954519396
18044871,LOC18044871,1.11162121220566,3.62076570682297e-08
18044502,LOC18044502,2.01126794115896,3.34274859961216e-06
18045515,LOC18045515,-1.30546098416738,0.010238881850516
18044577,LOC18044577,-1.27070549877977,0.031820707265857
18043961,LOC18043961,-1.00502057762152,0.0467933234636012
18043495,LOC18043495,1.88750781356822,1.61768399361863e-22
18045633,LOC18045633,-1.64419840771541,0.0318442423189046
18043303,LOC18043303,-2.33612773285815,8.28209382722808e-06
18044863,LOC18044863,-1.82898162549359,2.74562547802656e-07
18044951,LOC18044951,-4.03348022788228,0.0110113879404146
18044952,LOC18044952,-1.50147938960009,1.50404268760398e-07
18045150,LOC18045150,-1.8150675578256,5.67120896889437e-10
18045154,LOC18045154,-1.57745346807584,9.99204493275237e-06
112095421,LOC112095421,-1.55897760273156,0.012565806469165
18044979,LOC18044979,-4.12165922512634,0.00235456522046274
18045727,LOC18045727,1.96953522083425,0.0155024759149377
18045728,LOC18045728,1.68218383249535,6.15755222754573e-05
18043954,LOC18043954,-1.02829435620478,1.07352748008661e-07
18045715,LOC18045715,1.97779316846786,2.0765828524602e-21
18044781,LOC18044781,-1.24530528289146,0.0492640602857963
18043579,LOC18043579,-1.06124842649847,8.79864658123314e-05
18045433,LOC18045433,1.75485831670581,1.78801890261708e-08
18044303,LOC18044303,1.04803152742229,8.51034070179259e-06
18044778,LOC18044778,-1.22119741918524,6.2147941474111e-07
18044292,LOC18044292,-2.15104875733856,2.6777566895979e-06
112099022,LOC112099022,-3.61078806239942,0.011081035753006
112099043,LOC112099043,3.77576544609031,0.000531697597723727
18044929,LOC18044929,-1.20348774547004,0.0149085093637064
18043816,LOC18043816,1.03414158268623,1.73463241095711e-08
18045740,LOC18045740,-1.34458673619457,0.00851944474499062
18043648,LOC18043648,1.17032856029128,0.0295947517239525
18044645,LOC18044645,-1.54334919761971,0.00934925689478623
18043310,LOC18043310,-1.70668571787519,0.0214011508319283
112099331,LOC112099331,1.82828598012296,6.56671164607431e-14
112098961,LOC112098961,1.78970188543649,2.87949826667293e-19
112098837,LOC112098837,1.33542594058455,1.07517081027666e-15
18045391,LOC18045391,1.06059574178738,0.00158411501100827
18045404,LOC18045404,1.1672084489163,0.00967654770715761
18045226,LOC18045226,1.35870665486641,3.83120497166513e-05
18045615,LOC18045615,2.55876019945658,0.0425211365340221
18044278,LOC18044278,-2.88492299887514,0.0122120545419402
18043435,LOC18043435,3.13293509585682,0.000356551744840878
18045260,LOC18045260,2.97663816937117,0.000120279985969927
18044678,LOC18044678,2.70131108653922,0.0213510388163418
112099236,LOC112099236,1.83407734932266,0.006898030655981
18044681,LOC18044681,1.54777000598591,0.00536091412637456
18044817,LOC18044817,-1.28908237370359,0.012981597947858
18045042,LOC18045042,2.14519650206872,2.72194979579896e-06
18044451,LOC18044451,1.90180674133794,0.00419455714299791
18044452,LOC18044452,2.09886052677371,0.0428264818689128
18045502,LOC18045502,-1.81207672132896,0.00746647783998061
18045645,LOC18045645,1.00133970829193,9.76244858001075e-06
18045649,LOC18045649,-1.16848877920823,0.0257189972688951
18044968,LOC18044968,1.9193154581891,0.0107796249126905
18044055,LOC18044055,1.62282087539893,9.52949814970243e-27
18043361,LOC18043361,-1.0672508198414,1.55521664124146e-06
18044333,LOC18044333,-1.6715229248092,5.83950108488952e-09
18044316,LOC18044316,-1.20393457653952,0.000147284393340931
18043360,LOC18043360,-1.04081758904469,8.20907358800109e-10
18043367,LOC18043367,-1.76797370025641,6.78762494244955e-11
18043368,LOC18043368,-1.20295265315036,1.49076315987238e-05
18044660,LOC18044660,2.17577168462736,1.34964585867848e-31
18044661,LOC18044661,2.37503059608518,5.3051386509734e-12
18044667,LOC18044667,-1.14168229465341,3.88976492432571e-10
18045236,LOC18045236,-4.49331542010103,2.10245324121352e-05
18045557,LOC18045557,1.13895718713699,0.00094061481190487
18045562,LOC18045562,-1.34040820459941,2.00038160249333e-06
18045345,LOC18045345,1.78533707652801,0.0467880713696027
18044582,LOC18044582,-1.11519132430942,0.0071567937618556
18044579,LOC18044579,-1.72442284581937,0.000151276993348641
18045311,LOC18045311,-1.45548452844934,0.00271565232337384
18044079,LOC18044079,-1.13749686983773,0.00013162279368574
18043204,LOC18043204,-1.21033034152029,2.36863743585285e-07
18043710,LOC18043710,1.06982211476867,5.51611058072155e-11
18044224,LOC18044224,-1.91238296346379,0.0254734693757738
18043672,LOC18043672,2.17401442827168,5.7478167780359e-07
18043506,LOC18043506,1.335306051819,0.0203289960732383
18043241,LOC18043241,-3.40493908218335,1.35828073034263e-05
18043239,LOC18043239,-2.63015551934414,1.01648855285867e-20
18045317,LOC18045317,-2.86173389486482,0.00435975776263436
112099263,LOC112099263,2.03422825474239,0.0386946131749856
18044362,LOC18044362,-1.65757842997048,0.0367311919822679
18043670,LOC18043670,2.31972147141342,0.00804297019909
18044201,LOC18044201,1.48806723919101,6.76710661207163e-07
18044202,LOC18044202,1.10286424753976,0.000458725254559747
18045660,LOC18045660,-1.17605275058213,0.000612682708099851
18045663,LOC18045663,-1.15371034366374,0.00293335337005762
18044826,LOC18044826,-1.23586290944508,1.12861069268901e-19
18044722,LOC18044722,-1.32138051478166,0.00157300128349873
18043588,LOC18043588,-1.77211423081338,3.85807644039188e-12
18043590,LOC18043590,-1.3453177075004,9.53058943795102e-05
18043235,LOC18043235,-1.02062082306052,0.00292566231824139
18043848,LOC18043848,2.5768036511276,0.0246635691755887
18045246,LOC18045246,-1.34999941104922,2.77929983725011e-05
18045666,LOC18045666,-6.18869571749252,0.001411485445193
18043324,LOC18043324,1.13112627768998,0.0179395397446185
18044853,LOC18044853,-2.17724592657884,2.74963739016817e-10
18045136,LOC18045136,1.24722547847251,5.33197269168203e-05
18043691,LOC18043691,1.78502900773692,3.87174807893299e-05
18045582,LOC18045582,1.07941822451165,2.02185390619701e-09
18045583,LOC18045583,2.66315746738889,0.00763928495142611
18044442,LOC18044442,-1.59526198316157,5.26884304003093e-08
18044135,LOC18044135,2.70392670035228,1.7382797617827e-11
18043481,LOC18043481,-1.10138317285522,0.00305465282677593
18043996,LOC18043996,1.7407691608491,7.32188323354729e-09
18044411,LOC18044411,1.34785007317273,1.21687053862376e-06
112099234,LOC112099234,-1.90187992061632,3.76627598009044e-08
18043533,LOC18043533,-3.49311986636372,8.75336529300018e-18
18045705,LOC18045705,-1.75107843818539,0.00117806798261844
18045706,LOC18045706,-1.07780954160418,0.000362938337381813
18043426,LOC18043426,1.18756047821147,0.000109700814526292
18044998,LOC18044998,1.4189742039499,1.4512902034743e-06
18045002,LOC18045002,2.07366342213859,2.43320796883944e-27
18044248,LOC18044248,-1.55140499703866,8.02667416112845e-07
112099219,LOC112099219,-3.06911964445573,0.00228243554195637
18043688,LOC18043688,1.10638462532076,1.05881333338954e-05
18043629,LOC18043629,1.23846111718275,6.81145943192848e-06
18044463,LOC18044463,-1.85397169401869,5.95970135492093e-05
18045171,LOC18045171,1.03089915446496,0.00454323570364534
18045458,LOC18045458,1.12329970301286,0.000167931696728784
18045114,LOC18045114,2.9728765002498,0.0419574668931345
18043902,LOC18043902,-1.36927809425397,1.99173011230327e-05
18043927,LOC18043927,-1.41689771268161,0.00713192454519597
18045202,LOC18045202,-1.56408551016022,0.00190462308456085
18043968,LOC18043968,1.09232827645072,3.30011319061195e-06
18044214,LOC18044214,-2.1687461949792,8.55155539318692e-18
18043894,LOC18043894,-1.48363400454549,2.51988654391248e-09
18043540,LOC18043540,2.78812992380027,0.0286580052391409
18043542,LOC18043542,1.10043228910899,8.93154572555637e-05
18045489,LOC18045489,1.9181327375793,7.08920062738845e-07
18045490,LOC18045490,-2.34856017861384,0.00267040549615369
18045510,LOC18045510,-1.25523969338148,0.0160127316353126
18043974,LOC18043974,-2.04458310269974,1.99013311986049e-17
18043975,LOC18043975,-1.05080050598422,4.42092920422903e-12
18045275,LOC18045275,-1.76377288053346,0.0470970721844889
18045095,LOC18045095,3.64869107667797,2.60447788989289e-14
18043268,LOC18043268,1.07689197028227,0.000348858178357241
18044887,LOC18044887,-1.17536651725215,0.012598948508924
18043784,LOC18043784,-1.02686982668982,3.2023748327653e-05
18044912,LOC18044912,1.86328323615396,0.0025281895926804
18040157,LOC18040157,-1.33769728129855,0.00818976913192077
18040650,LOC18040650,-1.45695061905142,0.00551186720721004
18040192,LOC18040192,2.58154008498177,0.00448062909192064
112098448,LOC112098448,-2.34001892398642,1.62286031916846e-13
112098449,LOC112098449,-2.04256090480581,4.47902201376307e-08
112098404,LOC112098404,1.38442853869344,0.0146157093038747
112098444,LOC112098444,-2.13220174702688,0.00126375842746262
112098447,LOC112098447,-1.37794417757616,0.000337137261074266
18041466,LOC18041466,-1.36316503093792,0.000163795743506713
18042135,LOC18042135,1.64505248494857,0.000269206349663076
112098474,LOC112098474,1.21186953546776,4.87588453643127e-07
18040906,LOC18040906,-1.27645732979885,0.0388643420827368
112098256,LOC112098256,-4.001994575515,0.0257119771278427
112097642,LOC112097642,-2.97177692090257,2.12928926542675e-07
112097788,LOC112097788,1.1344337117372,0.000642214782825568
112098497,LOC112098497,1.09534369611982,0.000247260876887926
112098360,LOC112098360,1.02303261285082,0.00531389604380523
112098421,LOC112098421,-1.43396889046003,0.032753997210336
112097804,LOC112097804,-1.08039859486837,0.0317306991561552
112098383,LOC112098383,1.34281619900306,0.0279369042538004
18042102,LOC18042102,-3.08085233840537,4.57601943606536e-06
18042482,LOC18042482,-1.29095363130672,0.00957983836537092
18040321,LOC18040321,-1.19118052416672,0.0218657848236262
18042376,LOC18042376,1.14942644185941,0.00472346066860841
18042393,LOC18042393,1.91343347799118,0.000638697412127272
18042395,LOC18042395,1.5286269368138,0.0100099378666865
18042309,LOC18042309,1.42367218196321,0.0366973986104889
18041067,LOC18041067,1.04306562393226,1.82298534894741e-09
18041475,LOC18041475,-1.71280210983846,0.000219692196269401
112098385,LOC112098385,1.32479873020867,0.000281013797559657
18041971,LOC18041971,5.34429671524731,2.79111790565637e-07
112098445,LOC112098445,-4.99121193831148,0.000111209360298425
18042446,LOC18042446,1.80373523137204,0.0386202931785381
112098405,LOC112098405,1.04298744773236,1.85921221741424e-06
112098558,LOC112098558,-1.05414296610016,0.00275959035957866
112097884,LOC112097884,-2.46327953144603,0.00064316560337262
112097900,LOC112097900,-1.62802082806838,0.030436398038713
112098553,LOC112098553,-2.01273055594863,2.76010025390652e-07
112098554,LOC112098554,-1.66814660549435,0.00369037854685366
18042154,LOC18042154,-1.60032177204057,0.00393894348428367
18040838,LOC18040838,-1.12707413786556,0.00472217138194302
18040837,LOC18040837,1.57851423705955,7.99936849620954e-11
18040405,LOC18040405,-1.0995053866692,1.93082706913999e-15
18040467,LOC18040467,2.82167236764731,0.00073457758827214
112097967,LOC112097967,1.23777338243486,0.040249702099049
18040319,LOC18040319,-2.12857503263622,0.00365717640941772
112098375,LOC112098375,-1.16791089826755,0.0266693468034162
112098345,LOC112098345,2.53459127905511,0.00294369732138834
112098263,LOC112098263,-1.30218990044986,0.0341456946179812
112097979,LOC112097979,-1.27366343007228,0.00382751888735797
18041660,LOC18041660,-2.00566986035205,0.0146483633007526
18041760,LOC18041760,3.37577355303498,4.81299692564462e-14
18041342,LOC18041342,1.8945013099818,1.74941533679428e-05
18041933,LOC18041933,1.61332617057189,0.00241611115578547
112098010,LOC112098010,-1.31931241053815,0.0493285795981204
18040336,LOC18040336,-1.48178159468794,0.00425635906026021
18040314,LOC18040314,-2.02750514611879,3.81955457736004e-05
18040584,LOC18040584,1.72883709199734,0.00348292068431845
18040585,LOC18040585,1.09311105947406,5.80366733025987e-05
18040835,LOC18040835,-1.13774923609725,0.0129988818672308
18042592,LOC18042592,1.0976022912276,4.80540641385942e-05
18041174,LOC18041174,-1.40634831398268,0.032753997210336
112098061,LOC112098061,-1.42135447572622,0.0311647771331438
18043021,LOC18043021,-4.40681365414325,0.018142678936084
18042753,LOC18042753,-1.01662381812519,0.0304336858215678
18041528,LOC18041528,4.29843301703282,4.08718454545926e-27
18042666,LOC18042666,-1.6501542416549,0.00828884187961198
18043035,LOC18043035,1.95158310392173,0.00122796852380892
18042034,LOC18042034,-1.15582289142515,0.023298005295946
18042033,LOC18042033,-1.10685449505416,0.0476738348888556
18042770,LOC18042770,1.44468494283354,0.0394927573999967
18042513,LOC18042513,1.35219728533368,0.0484975964998931
18042514,LOC18042514,-1.56384738840215,2.22455699992424e-08
18042116,LOC18042116,2.03040351807248,0.000362938337381813
112098417,LOC112098417,-1.53295732709711,5.75832575350989e-06
18040741,LOC18040741,-3.46184561704605,1.48105039459385e-07
18041314,LOC18041314,1.69377574184225,7.48840510946996e-05
18040654,LOC18040654,3.25117331994402,0.0404074892844159
112098132,LOC112098132,-2.96727750297318,1.7175483220558e-06
18042352,LOC18042352,-1.82777523889948,0.000204434210757416
18041247,LOC18041247,-1.28825602868265,0.00388916361167054
112098233,LOC112098233,1.04249370920699,0.0397639025582991
18041859,LOC18041859,1.5159257101368,0.00256544302511502
18040754,LOC18040754,1.93364239977412,0.031053795267188
18040769,LOC18040769,-1.3351544827663,0.00356201569962441
18040770,LOC18040770,-1.672973928748,0.0237714354696309
18040473,LOC18040473,-1.03515420628564,0.000633719723162016
112098274,LOC112098274,-1.12169066425697,0.0134426738331467
18042630,LOC18042630,1.75719461134394,7.39278337639686e-07
112097775,LOC112097775,-1.16956558394658,0.0078344348805578
18042863,LOC18042863,1.70664569209537,2.3343448456785e-05
112098355,LOC112098355,1.48681086953647,0.00114571868460035
18042905,LOC18042905,-1.61577034980449,4.0792504713729e-15
18040278,LOC18040278,-1.72868697298114,0.00867142541850455
18042561,LOC18042561,1.08714856253412,0.00110342956231753
18042160,LOC18042160,-2.13531967441816,2.47933423424121e-05
112098169,LOC112098169,1.73954972246602,0.0104279899875935
18040435,LOC18040435,2.03624567580235,0.0238854663693502
112098175,LOC112098175,2.02462446478664,1.37576959224143e-08
112098177,LOC112098177,1.01849222464634,0.00938508622401356
18041806,LOC18041806,1.50213688908762,0.00196019667360807
18041783,LOC18041783,-1.48611835596257,1.30304439168184e-05
18041784,LOC18041784,-2.55785924569921,0.00305465282677593
18042696,LOC18042696,3.9512307232713,3.90003482650882e-08
18041565,LOC18041565,-1.2624148469788,0.0110354258827137
18041178,LOC18041178,1.08514135761032,0.000511142116373082
18041628,LOC18041628,-1.49131580874466,0.00725108674837068
18042995,LOC18042995,-1.01855396338032,0.0122110809493698
18042996,LOC18042996,-1.51912428287758,0.0105306162783485
18040996,LOC18040996,1.30493616496293,0.000266628620523279
18042003,LOC18042003,-1.22381362949938,2.15614110377598e-15
18041483,LOC18041483,-1.08268047349634,1.90670599661424e-05
18040923,LOC18040923,-1.14074527576947,0.000109449218129899
18040203,LOC18040203,-1.53740719244875,0.00154978293434674
18042542,LOC18042542,1.68963942036883,5.56145406342994e-05
18040870,LOC18040870,1.60792144108212,3.59978585804097e-09
18042641,LOC18042641,2.9059101265795,5.51801542352827e-06
18040207,LOC18040207,1.51516683183036,8.85656876620604e-05
18040208,LOC18040208,2.36582107759386,5.85507328279962e-49
18040648,LOC18040648,2.89541421465709,5.47173725539502e-07
18042623,LOC18042623,-5.34418953555189,0.0462429288424949
18042678,LOC18042678,1.22657579192,9.52857581036592e-07
18040135,LOC18040135,-1.84470316441941,0.000230686089741126
18041326,LOC18041326,2.11299935575829,0.00387667671280536
18040359,LOC18040359,2.84484505259661,0.0474455430495202
18040464,LOC18040464,1.1976225843532,0.025773791676908
18040863,LOC18040863,5.54826194909785,1.45683105474508e-59
18040683,LOC18040683,-1.44962990391846,0.00809894243378323
18042280,LOC18042280,1.23777865330458,0.000275178339081485
18042063,LOC18042063,6.69719509445209,8.95878557779475e-13
18041890,LOC18041890,1.87216451542776,4.21283946067629e-09
18041891,LOC18041891,2.96424252704756,7.63357117413658e-14
18040878,LOC18040878,4.58986852461147,2.35861848987202e-43
18041450,LOC18041450,-1.34708880007237,2.9941700380245e-06
18040982,LOC18040982,1.40197304396588,2.27227096527355e-09
18042510,LOC18042510,2.84121468435483,0.00791634282419377
18042505,LOC18042505,-1.2862844331168,0.0177840904351768
18040867,LOC18040867,-3.27821193657938,4.50518832673465e-07
18040868,LOC18040868,1.10599553414666,3.80369273365528e-05
18042964,LOC18042964,-1.66667391021528,3.24540936653734e-05
18041814,LOC18041814,-1.80685609906229,0.0448095724594841
18040167,LOC18040167,2.90587432521817,0.00700200557020727
18040372,LOC18040372,-1.12874682713336,9.37013500338839e-05
18041441,LOC18041441,-1.22777270601533,0.00145134087427361
18041240,LOC18041240,-1.58398010866893,0.000244140064542507
18040594,LOC18040594,-1.29392413146304,2.17985766027849e-05
18042323,LOC18042323,2.96600800276111,0.000931459496479283
18041223,LOC18041223,1.73033671912598,0.00131881640330886
18041150,LOC18041150,1.9882281164794,4.011523866514e-05
18042180,LOC18042180,-1.2992140014755,1.475939891981e-06
18042246,LOC18042246,-3.40852653418066,0.0352163666186991
18041017,LOC18041017,2.48489139085695,8.44742069044021e-11
18040861,LOC18040861,-2.27278610550406,3.49502178800707e-07
18041955,LOC18041955,1.99689444626583,7.56665883143477e-17
18042774,LOC18042774,2.07416221207485,0.00125982566492343
18041603,LOC18041603,2.61089301504788,0.0338773236486732
18042520,LOC18042520,-1.19009387395321,3.90127721561045e-11
18042521,LOC18042521,-1.42393590266539,6.02018601536053e-06
18040536,LOC18040536,-1.17553731902901,3.1371392645404e-13
18042277,LOC18042277,-1.11012441484687,6.74733684530179e-09
18041650,LOC18041650,3.78806610611625,0.00195203131377507
18042269,LOC18042269,1.43177672718435,4.26425352908554e-08
18040570,LOC18040570,-2.81872029017006,0.011081035753006
18040569,LOC18040569,-1.58266043149741,2.99300780356341e-21
18042362,LOC18042362,1.21695673786041,1.13003768469678e-17
18041071,LOC18041071,2.02640319344896,4.86602969670158e-12
18040693,LOC18040693,-2.35836458606797,1.63092545148941e-05
18042065,LOC18042065,1.29079183763072,3.04427176913409e-09
18041369,LOC18041369,-1.57577359668367,2.63091486383913e-11
18043126,LOC18043126,1.34529414206867,0.027400974485617
18042061,LOC18042061,2.72382370262715,5.33787232714707e-06
18041376,LOC18041376,1.16953118261351,0.00221074409427001
18041293,LOC18041293,1.94337866572948,1.47394484670837e-06
18042610,LOC18042610,-1.11319206210832,0.0178201864270205
18040453,LOC18040453,1.51993800898268,5.97166684534359e-05
18040454,LOC18040454,4.42463551224164,0.0198543957658598
18040509,LOC18040509,1.20617897597901,0.00560011522605553
18040894,LOC18040894,-3.75123328256065,2.4114790837834e-05
18041854,LOC18041854,-1.62488154086104,0.015708342699155
18043052,LOC18043052,-2.0849759055945,0.0010993321147793
18041719,LOC18041719,-1.15311468840743,6.53139319140533e-07
18041706,LOC18041706,-1.42536775476348,0.0034639288282979
18041036,LOC18041036,-1.1682784458569,0.000148907489682788
18043063,LOC18043063,3.49062544500166,0.0276923097925232
18041864,LOC18041864,1.34755306025756,0.000364643927552098
18041090,LOC18041090,-4.62706541560471,2.23690492843807e-19
18041077,LOC18041077,-1.7159224408927,0.00808627462575413
18043060,LOC18043060,-1.00523244239111,0.00709240452176415
18042282,LOC18042282,-1.14814373880939,0.000764183628863664
18042626,LOC18042626,-1.94444695690641,0.000673379695731583
18042192,LOC18042192,1.43946861859267,4.16369094767906e-09
18040792,LOC18040792,2.48210259180084,9.99204153408772e-09
18041588,LOC18041588,-1.15782075651305,0.00158213075644056
18040510,LOC18040510,-1.418930337116,9.04534536304826e-05
18043150,LOC18043150,4.74229688634355,2.86001584036248e-05
18043151,LOC18043151,-2.39690818588103,0.0485641379014474
18040294,LOC18040294,2.64343369512986,5.60447944681517e-17
18041942,LOC18041942,1.95543413382466,1.66031978965867e-06
18040237,LOC18040237,-1.23698391127375,0.0429566028134573
18040175,LOC18040175,2.82192006400911,7.35677307172939e-25
18040301,LOC18040301,3.12774871402226,3.40955628613987e-18
112097230,LOC112097230,1.33733643851663,3.19773059767254e-06
18039054,LOC18039054,-1.86399857494954,0.0350879815377959
18038418,LOC18038418,1.58661550148371,0.00268880698367884
18040086,LOC18040086,-1.06701808517582,0.00336919654718904
18038553,LOC18038553,-1.45517021697974,0.00846762176063241
18037957,LOC18037957,1.03698572247054,0.0084843292779433
18039519,LOC18039519,-4.38325256668021,0.0153899115734938
18039888,LOC18039888,-1.26454212798508,1.1033866270584e-08
18039650,LOC18039650,-1.50606894165064,0.0043631125432212
18038062,LOC18038062,-1.18154817954237,0.0129993842842734
18038430,LOC18038430,-1.37113833391893,4.17819914522115e-05
18038024,LOC18038024,2.02710480056382,0.0104795227026152
18038722,LOC18038722,-3.07112669642506,0.000750722461533989
18038054,LOC18038054,-2.3391685832356,0.00322868343971964
18039385,LOC18039385,1.45882135176352,0.000145926799848237
18039976,LOC18039976,-2.88196787565306,0.0323717516848873
18039532,LOC18039532,-2.36226008299676,0.0429139528684461
18039617,LOC18039617,1.08789371968606,0.000205930175893222
18039751,LOC18039751,-2.98079680962269,9.39431933636621e-07
18040015,LOC18040015,1.04292227003049,0.0211275175247669
18038672,LOC18038672,-1.15381976516037,1.5359216123767e-13
18039542,LOC18039542,-2.9170755939739,0.0163067638819085
18038630,LOC18038630,1.36151962236443,0.00407267983701313
18039427,LOC18039427,1.58015917458628,5.37887864408143e-22
18039168,LOC18039168,-1.80211625599303,0.00178975858965207
18038001,LOC18038001,-3.14864844859601,0.012489721489711
18038387,LOC18038387,-1.55364357732888,7.1443168918725e-11
18040073,LOC18040073,1.42203658458524,0.0415126751081374
18039339,LOC18039339,-5.52357149992728,0.000148668557894491
18038690,LOC18038690,1.16801345146435,0.0132775678810738
18039745,LOC18039745,-1.7114275365923,0.00200790141197662
18038889,LOC18038889,2.35362692710739,5.34631846825485e-05
18037896,LOC18037896,-4.04593049552756,7.61785629733194e-05
18037995,LOC18037995,-1.82977338186377,7.98309642907787e-21
18037996,LOC18037996,-1.64870400107679,7.26861892817871e-06
18039773,LOC18039773,-1.74154600395887,0.0128118787215755
18038877,LOC18038877,-1.16836560171375,0.00926908257852393
18038878,LOC18038878,-1.0272841143302,0.000906753189744407
18039416,LOC18039416,-1.15685447192922,0.0451344792289469
18038937,LOC18038937,2.61239703299089,1.67413875538195e-06
18038327,LOC18038327,1.60379754576166,2.13769039281394e-06
18039847,LOC18039847,2.53313777382202,0.00023575968978668
18039557,LOC18039557,1.34649787448914,0.0178987967263671
18037926,LOC18037926,2.6487334619699,1.92774873345785e-30
18038027,LOC18038027,1.94392802456333,0.000146078983278617
18039359,LOC18039359,2.4323018925739,4.91320992105551e-05
18038171,LOC18038171,-3.26756679689721,1.12401802610669e-19
18039633,LOC18039633,1.38452322086374,0.000384373144263848
18040022,LOC18040022,1.50245928911103,1.18062061834324e-11
18040023,LOC18040023,1.37516350276435,2.69470246726774e-17
18038477,LOC18038477,1.15779444591002,0.0304385455779292
18038020,LOC18038020,1.59828215371949,7.21844868937722e-06
18038085,LOC18038085,1.83964722327114,0.0143013230774394
18038072,LOC18038072,2.28836137264397,0.00168670936329566
18038934,LOC18038934,-2.41227915981335,0.0084843292779433
18038686,LOC18038686,-1.31736753137054,0.00380774309325051
18039823,LOC18039823,3.21678710505856,2.29284045504059e-07
18039824,LOC18039824,2.65791904542464,4.76611766342939e-09
18038524,LOC18038524,1.6652401741932,2.54551706378096e-06
18037978,LOC18037978,-1.42566311206382,0.0129998704712876
18039174,LOC18039174,-1.51381239873056,0.000551145457064847
18039392,LOC18039392,-2.51608542056419,8.26506857515568e-05
18039634,LOC18039634,-1.34870431866281,0.00767286569957105
18038227,LOC18038227,-1.08758406705102,6.81145943192848e-06
18039239,LOC18039239,-1.03001288032939,2.77316938427225e-08
18039341,LOC18039341,-1.46599528280182,2.72344675438396e-20
18038652,LOC18038652,-1.78157442647494,0.000987932006745515
18038491,LOC18038491,1.09730469356788,0.00149908786250683
18038768,LOC18038768,1.7102749003708,1.9062750430861e-06
18039938,LOC18039938,4.82416480780539,1.59651100729909e-37
18038191,LOC18038191,2.09138971341771,1.68713021279075e-09
18038276,LOC18038276,-1.32384570774628,0.0103527054965721
18038755,LOC18038755,1.16965656214253,7.57857806487221e-05
18039951,LOC18039951,1.96890127955822,6.789327296571e-13
18037909,LOC18037909,2.20553519469348,0.00128911046085077
18039306,LOC18039306,-2.43142763818509,0.00910854504436391
18038506,LOC18038506,1.9156826118971,7.79205047151706e-09
18039560,LOC18039560,-4.71038893377116,1.42478100129124e-10
18039778,LOC18039778,1.45809905132969,0.0346177729902455
18039156,LOC18039156,-5.72983614787525,0.00776943880324723
18039251,LOC18039251,-1.53649636452244,0.0344514000640211
18040087,LOC18040087,1.18036672472476,0.000206502736434722
18039121,LOC18039121,-1.90438574545317,2.78244154953454e-08
18040007,LOC18040007,1.36136426489519,0.0151164625753978
18039937,LOC18039937,2.0958100338441,0.00293078259294783
18039463,LOC18039463,-2.85299677881911,4.32246222992391e-09
18039575,LOC18039575,1.02233310693488,0.00613580940368248
18038734,LOC18038734,-1.06420341998679,0.0109796115335005
18039807,LOC18039807,1.94090324677245,4.06001152001683e-13
18038495,LOC18038495,-2.07771924265092,0.00171185454843989
18039545,LOC18039545,2.25130359293393,9.35419752839544e-13
18039322,LOC18039322,-1.23588340769697,0.000923237660600772
18039543,LOC18039543,-1.24006478902787,0.0308165950206338
18039352,LOC18039352,-5.3243038758935,0.0343709147606035
18039210,LOC18039210,-1.08174673348051,0.000168524934201428
18038769,LOC18038769,-2.33298477286016,2.31845476096964e-05
18038756,LOC18038756,-2.56691981836444,0.00361730204616024
18038639,LOC18038639,1.03084213851215,5.326230695216e-07
18038792,LOC18038792,-1.08060574822102,0.000398435641818749
18038853,LOC18038853,-1.89530085135804,0.00723716866544897
18039331,LOC18039331,2.07533943745109,5.61646969589843e-11
18038673,LOC18038673,-2.61865138030389,0.00321663271703254
18039124,LOC18039124,2.52347587507406,0.000398435641818749
18039078,LOC18039078,-1.4402476466885,0.0208101359291753
18039805,LOC18039805,2.85393049740291,1.01209883035061e-12
18039450,LOC18039450,4.43544106714952,1.18798561738104e-12
18040099,LOC18040099,1.70394288247765,0.0174874627458816
18038340,LOC18038340,1.391772058362,1.49017375663731e-06
18038926,LOC18038926,1.29178019610155,0.00110342956231753
18039681,LOC18039681,1.04305828280101,0.00200790141197662
18038615,LOC18038615,-1.17408668469426,1.84837562926948e-05
18038701,LOC18038701,-2.80901119166758,0.0105868881626021
18039588,LOC18039588,-1.17164778790701,0.0379299627446243
18038386,LOC18038386,-2.19766577734895,3.87234437803699e-05
18039423,LOC18039423,-1.20875458855997,0.00311181900291103
18039148,LOC18039148,1.70058461559311,1.0540719367444e-05
18039758,LOC18039758,3.13614113921013,2.54418403228516e-24
18038685,LOC18038685,-1.57783162782731,0.00970784749021836
18038432,LOC18038432,-2.6574409796588,0.0253654190539455
18039733,LOC18039733,1.10630455877062,2.78234047864863e-13
18038724,LOC18038724,-1.20532474187111,5.10278349697501e-11
18039076,LOC18039076,-1.31896674185568,0.000209779816749578
18038354,LOC18038354,-4.24332416549994,0.0235400214538399
18038843,LOC18038843,-4.58872770273447,0.0103350930207402
18039581,LOC18039581,-1.41009250879692,0.010238881850516
18038819,LOC18038819,2.84784269905808,0.0395439245280533
18038820,LOC18038820,1.66930105065957,4.47099943170189e-07
18038290,LOC18038290,3.85087399153614,4.99823122052437e-22
18038984,LOC18038984,1.14903960542296,0.0464938562204315
18039642,LOC18039642,-2.13877661107273,0.00367482351940929
18038869,LOC18038869,1.03435957640048,0.00869082157378302
18038664,LOC18038664,-1.74638749525747,1.94282772160415e-05
18039379,LOC18039379,-1.30875422976294,0.0336026277208818
18039134,LOC18039134,1.04913549122617,1.19747187041391e-05
18036506,LOC18036506,-1.76639833630643,7.11331621640326e-14
18037342,LOC18037342,1.49071616702357,1.88993007099077e-11
18037276,LOC18037276,2.17961240224681,2.36662118685995e-14
18037637,LOC18037637,-1.0927782807115,9.14763588933535e-06
18035912,LOC18035912,-3.66743679487857,0.0156825605232981
18037045,LOC18037045,-1.25494932821684,0.0142412571385735
18037537,LOC18037537,-7.94929002756978,4.04557815384492e-06
18036542,LOC18036542,1.2268252964593,1.98819177870911e-05
112096748,LOC112096748,-2.07963926195945,0.0102363656843629
18037452,LOC18037452,-1.81538225978663,0.0157869615864228
18036172,LOC18036172,1.19603893268766,6.35246452982278e-06
18037570,LOC18037570,-1.22689749868585,0.0394805465326585
18037386,LOC18037386,-1.09441822888475,2.93048653854829e-10
18037414,LOC18037414,-1.10984847567752,7.44162422549777e-07
18037393,LOC18037393,-2.21369018639413,0.0021620779763915
18037086,LOC18037086,1.82807479071546,0.0458068956595708
18037099,LOC18037099,-1.14750661424475,0.00541136665628731
18037103,LOC18037103,-1.07094544209222,0.00393001581922883
18037112,LOC18037112,1.16959317679718,4.46381537765271e-06
18037282,LOC18037282,6.68152806203802,3.89265308579508e-10
18037283,LOC18037283,1.50410239537431,1.91324323729885e-12
18036346,LOC18036346,1.27028541116173,0.00842360328712705
18036211,LOC18036211,-2.51126754936401,7.98080938205122e-18
18036267,LOC18036267,-1.13068333166116,0.0202853504138142
18036440,LOC18036440,2.27882633565674,0.0426386096579465
18037541,LOC18037541,-1.32324417706877,0.0126499322880728
18036640,LOC18036640,3.77317605868875,0.000353476627544155
18036802,LOC18036802,1.48958627806133,1.24980634924678e-06
18036811,LOC18036811,1.40700375641578,0.00161100434647969
18035717,LOC18035717,-1.53745140135816,0.0119364134534462
18035782,LOC18035782,2.02180870329055,0.0271565323123414
18036052,LOC18036052,1.46272353491282,4.4505977976718e-05
18036587,LOC18036587,-1.09085605425351,0.0467562685602243
18036453,LOC18036453,3.26108083099722,0.00398702873820058
18036590,LOC18036590,1.22442729933712,0.0334446512846352
18036085,LOC18036085,-1.32790927736368,0.0342058786569696
18035781,LOC18035781,-2.1898954448749,6.5795691911569e-08
18036080,LOC18036080,1.38083609998072,0.00186133181961189
18036446,LOC18036446,1.27203913725437,0.0394509117023509
18037153,LOC18037153,-1.15699190438662,0.00982427176595201
18037723,LOC18037723,1.7460638429863,0.000276247205120178
18036914,LOC18036914,-1.40335844860634,8.13166456063806e-06
18037174,LOC18037174,-1.48355299501814,0.0112432139473224
18037226,LOC18037226,-1.11721257726191,0.0113403387959454
18036553,LOC18036553,1.21013977831998,3.63255992170557e-05
112097056,LOC112097056,-1.06609838713374,0.00530419854640753
18037606,LOC18037606,2.53635605841869,1.32327836790055e-19
18037733,LOC18037733,-1.19343604543979,0.00126542482668739
18037833,LOC18037833,1.01036046533731,4.66383018953393e-06
18036425,LOC18036425,-2.53654629942661,0.0232516019787732
18036876,LOC18036876,-1.4377537602292,5.72250078221051e-10
18037705,LOC18037705,-1.06682540524118,0.00203007769521262
18037871,LOC18037871,1.41564325139075,0.00119094027605495
18037038,LOC18037038,-1.26734039336656,7.541713504256e-06
18037538,LOC18037538,-2.5700776047886,0.0334056784615291
18037867,LOC18037867,2.02805721352121,2.51321770621094e-05
18035703,LOC18035703,-1.31057786888918,0.0438635395208229
18036841,LOC18036841,-1.21945428673704,0.0335304562249397
112096779,LOC112096779,-1.42980884766352,0.030448389267559
18037093,LOC18037093,2.2435559362862,9.51497025651009e-11
18036645,LOC18036645,2.55962874437131,0.0458068956595708
18037711,LOC18037711,1.79775857115497,0.00629579821244201
18037004,LOC18037004,1.24244790602471,0.0110354258827137
18037065,LOC18037065,-1.26420250594807,0.0257189972688951
18036108,LOC18036108,1.22043026211738,8.43083887178792e-07
18036304,LOC18036304,-5.18967470925856,0.0430410280302922
18036299,LOC18036299,-2.7678850417532,0.0247713059557492
18036303,LOC18036303,-1.20323964066284,3.38883969698284e-06
18036417,LOC18036417,-1.27621808001034,0.0152221103680486
18036422,LOC18036422,1.55846263800248,0.000971822859693382
18036509,LOC18036509,-2.82587905348529,0.0324016445617155
18036545,LOC18036545,1.08992951257682,0.00160103703591881
18036546,LOC18036546,1.48228727567935,1.60941884571727e-05
18036642,LOC18036642,-1.09732980974458,0.0252018762859659
18036649,LOC18036649,1.22554441970487,0.0499309127591328
112096862,LOC112096862,1.68912623257553,0.000222847463048819
18036785,LOC18036785,-1.17208527663767,2.41586221856311e-11
18036774,LOC18036774,-1.27515992429307,0.0445529531842499
18036316,LOC18036316,2.15398347754662,0.000432298639401015
18035728,LOC18035728,1.63754141397574,0.000975939406388966
18035899,LOC18035899,-1.74549975262997,1.62563749140481e-10
18035965,LOC18035965,1.70672385895901,0.0194836057932097
18035994,LOC18035994,-1.03497835866507,0.00362762961407242
18036103,LOC18036103,-1.04769168144536,0.00294306999359777
18036104,LOC18036104,-1.23572529133326,0.00884059332275191
18036887,LOC18036887,-1.21392967351682,2.6777566895979e-06
18036800,LOC18036800,-1.65523637972302,5.29679092996856e-06
18035766,LOC18035766,-1.08542014312612,0.0026013125565759
18037321,LOC18037321,1.12382231140402,2.93727565799364e-05
112095428,LOC112095428,1.18579459396556,0.0316170697294599
18035866,LOC18035866,1.60730796700439,0.0058947639348994
18037530,LOC18037530,-2.65280775020913,0.0164295354551203
18036704,LOC18036704,-1.47137171699091,0.0371680406197002
18036098,LOC18036098,-1.28270835101882,0.00023575968978668
18036118,LOC18036118,-1.22088898540938,0.00490286917369412
18037612,LOC18037612,-1.81146342506545,0.0312513011384533
18036378,LOC18036378,1.76834076237315,0.022136145230069
18036756,LOC18036756,1.23476554425531,0.00144552436531341
18036327,LOC18036327,2.71983944468753,0.0141820255343303
18037436,LOC18037436,-1.10033978018736,9.59112006156874e-11
18037762,LOC18037762,1.20891037305463,0.000719112893472982
18036799,LOC18036799,2.60170644959007,0.00524542920738864
18036725,LOC18036725,-1.16783299953905,1.04279892929848e-08
18037073,LOC18037073,-1.34514931406251,0.000386715795352118
18036519,LOC18036519,-1.25452294458883,0.0428041212710783
18036514,LOC18036514,-2.18968235331487,0.000434944663317788
18036396,LOC18036396,-1.44759100410038,0.0454519911490695
18036361,LOC18036361,-2.37005992841767,0.000377069194496969
18035761,LOC18035761,-4.83481888762148,5.69795035043472e-13
112096805,LOC112096805,-1.30508546564639,0.000384874518850574
18035979,LOC18035979,-1.14565750195583,0.00232165330596688
18035913,LOC18035913,-1.62766669515702,2.99270000898954e-10
18037809,LOC18037809,-1.40421713852227,0.027519045862227
18037266,LOC18037266,1.47297618252243,0.000162106668340887
18037492,LOC18037492,1.07522951790108,0.000109700814526292
18036308,LOC18036308,-1.87361750922513,1.71885135693357e-05
18037363,LOC18037363,-1.80703722919128,0.012388135184348
18035874,LOC18035874,-1.64858671754262,0.0462523192153446
18037752,LOC18037752,-1.7173754357877,0.0134895546978349
18037435,LOC18037435,1.21993225303064,0.000780240753621952
18037849,LOC18037849,-1.67107466877542,4.79615158982335e-07
18037487,LOC18037487,1.10411620181745,0.00908020065499223
18036902,LOC18036902,1.06749448078755,0.000579232827894816
18036694,LOC18036694,-1.36157488713048,0.00161100434647969
18037673,LOC18037673,-1.50636901040948,2.49710067577375e-07
18037485,LOC18037485,-2.06689247850473,1.78060345438884e-07
18036837,LOC18036837,-1.39310757062161,0.0294365732001266
18035784,LOC18035784,2.32966386523165,0.0119732802675073
18035785,LOC18035785,4.50369168260795,0.000227858923681562
18036186,LOC18036186,1.32675286286955,0.0452422465288155
18036793,LOC18036793,2.02535335815077,0.011081035753006
18036345,LOC18036345,-1.44965102347346,9.73814184618181e-07
112097013,LOC112097013,-2.3184452817297,0.00100713969298188
18037326,LOC18037326,1.12866114566695,0.0350879815377959
18037158,LOC18037158,-1.33094992319517,8.60852805130885e-05
18037725,LOC18037725,2.3858582840625,0.000930271391089615
18037030,LOC18037030,-1.06342715234807,0.00331969275347565
18037340,LOC18037340,-1.82993217670719,0.0176346831256863
18037571,LOC18037571,-1.23738423290442,0.0288834403660684
18036670,LOC18036670,1.03606570734988,8.83916277463185e-08
18036681,LOC18036681,-1.26329443907317,0.00347719921893613
18037403,LOC18037403,-1.90917875214265,0.00242215855869748
18036911,LOC18036911,-1.17103409364348,0.0110731685938499
18035690,LOC18035690,6.09959888698176,1.42478100129124e-10
18035691,LOC18035691,3.92441970065918,3.3119152176865e-14
18033949,LOC18033949,1.49252951083365,0.00358846185948256
18035669,LOC18035669,1.08411837239723,0.000208128159597307
18034208,LOC18034208,1.62281172068672,1.94113109425641e-08
18034655,LOC18034655,1.20039808125742,0.0113577445352263
18034517,LOC18034517,1.21231865591724,0.000558090906300041
18034463,LOC18034463,2.42848057262947,0.000216152377145153
112096188,LOC112096188,1.94383590691331,0.00479243258863841
18033782,LOC18033782,-3.9529604465111,6.05427575759113e-06
18034826,LOC18034826,1.52289947702167,0.0148142108128395
18033684,LOC18033684,-1.58599025342509,5.12646378946344e-07
18035654,LOC18035654,-1.83954570400702,3.02862695264929e-08
18034524,LOC18034524,1.44416297159988,1.90823406652446e-05
18034230,LOC18034230,-1.07756723337224,0.000111209360298425
18033749,LOC18033749,-1.26859139309236,4.58960833349247e-05
18033865,LOC18033865,-1.28088439851398,0.0183006209335243
18034242,LOC18034242,2.15479292756713,1.03600827522587e-20
18035320,LOC18035320,-2.17832752300028,0.0362663056733437
18035359,LOC18035359,2.41571237594962,1.16445073323706e-16
18034563,LOC18034563,1.0033890922899,0.0366213824073783
18035015,LOC18035015,2.46539439384778,4.41435635744771e-10
112095810,LOC112095810,-1.26729167230252,0.0167112617184819
18034697,LOC18034697,-1.19746868607608,0.0305316018130722
18034576,LOC18034576,2.40744950787506,7.58306740545887e-13
18034549,LOC18034549,-2.00443950964091,0.00816226536856942
18034286,LOC18034286,-1.06351824940244,2.6182937281741e-07
18034456,LOC18034456,-1.27662262154159,0.000158186013421235
18033703,LOC18033703,-1.04783718176088,4.39370957330524e-05
18034097,LOC18034097,-2.14724525387498,0.0448682426127181
18034245,LOC18034245,1.75889024152708,0.0151164625753978
18035283,LOC18035283,-1.34456992735048,0.0154166119011591
18035272,LOC18035272,1.14056101100983,1.89058380778562e-07
18035028,LOC18035028,-1.52084783721325,0.000195270849333765
18035451,LOC18035451,-1.94801705068101,9.81652393014092e-08
18035268,LOC18035268,-1.34803792399559,1.44728992987366e-06
18034280,LOC18034280,1.83472590526655,7.61785629733194e-05
112096244,LOC112096244,-5.23420394864537,0.0274008356246702
18035420,LOC18035420,-2.55768048048456,3.01929154653401e-10
18033627,LOC18033627,1.15508508150469,0.0173054008847951
18033714,LOC18033714,2.18749005450882,0.000408193329598702
18034341,LOC18034341,-1.954385335541,6.5795691911569e-08
18034457,LOC18034457,2.21605403027112,0.00491895294027261
18034254,LOC18034254,-1.65906450438013,1.88993007099077e-11
18035366,LOC18035366,-1.22355470838577,0.015347298513897
18034331,LOC18034331,-1.59385976709413,0.0445746042609511
18034296,LOC18034296,-2.01610745835787,0.0105844574956377
18034647,LOC18034647,-3.21234334929205,0.00218677378107006
18034634,LOC18034634,1.6485713496079,2.12962581921942e-07
18034963,LOC18034963,-5.67838716572848,0.0125365950683258
112096223,LOC112096223,-1.20951731990501,1.93235794774067e-06
18034110,LOC18034110,-1.02507935488826,0.0338347503224394
18035454,LOC18035454,1.57642571196138,0.000226390890866913
18034421,LOC18034421,-1.70315732093382,0.0053493943157256
18035566,LOC18035566,-2.921946339917,0.00801191433697764
18034109,LOC18034109,-2.72436551704492,0.0226810834495244
18034904,LOC18034904,1.27893422303737,2.11797550123388e-05
18034941,LOC18034941,-1.18239619156052,0.0122068936909234
18034962,LOC18034962,-1.24356729137584,0.000195270849333765
18035312,LOC18035312,-2.25477076886868,2.59000804352476e-08
18034781,LOC18034781,-1.01791186777111,0.0488268627786315
18035511,LOC18035511,1.03697006108009,0.000412425546930488
18033855,LOC18033855,-1.4241157721557,0.00196418804185718
18034581,LOC18034581,-1.26233386612504,0.00320933303522292
18034482,LOC18034482,-1.22570231990768,0.000894349062283317
18033883,LOC18033883,-1.16482642263444,1.30637810072093e-34
18033993,LOC18033993,-2.11004623296936,6.2147941474111e-07
18034033,LOC18034033,1.62059785683149,0.0331233005884395
18035003,LOC18035003,-1.12334195629023,7.68881040785964e-06
112095897,LOC112095897,1.01813194077315,0.00221086712499517
18035157,LOC18035157,-3.95397669986384,0.00598135139260023
18035442,LOC18035442,-1.14655391487483,1.71885135693357e-05
18034009,LOC18034009,-1.24376663070194,0.0427780654270297
18034038,LOC18034038,-1.22970864762797,0.034324247079103
112096600,LOC112096600,1.56489190675547,0.0136770610598033
112096617,LOC112096617,1.68818352941889,0.00324956359117464
112096629,LOC112096629,1.75399416038361,0.00120491763782953
18033721,LOC18033721,-1.02666119363324,1.94471758093383e-07
18034796,LOC18034796,-3.63989244708037,1.92623139223411e-05
18034515,LOC18034515,-1.13001963283016,0.00887686511216377
18034981,LOC18034981,-1.86399663904951,6.99973435717079e-31
18034283,LOC18034283,2.40134619171259,0.00247162634420102
18035569,LOC18035569,-2.20862510719537,3.92002465625608e-07
18035100,LOC18035100,3.63636919065377,1.42493922680726e-25
18034681,LOC18034681,2.16094437577877,0.0213105302338183
18034013,LOC18034013,2.31110728422783,0.00413474387510259
18034434,LOC18034434,1.69240220786936,0.0389784286811202
18035158,LOC18035158,-1.11246327388069,0.000178897368316356
18035419,LOC18035419,-2.38903927310269,0.0455723440889142
112096640,LOC112096640,1.65090758894954,0.00376536509960666
112096499,LOC112096499,1.4677595764786,0.02209150266095
112096510,LOC112096510,1.47025515674086,0.0122004038226423
18034779,LOC18034779,1.92203092721336,0.0131591625133927
18035615,LOC18035615,1.14527965934955,1.93887156116949e-05
18034558,LOC18034558,1.03808883163587,2.2781060261356e-06
18034249,LOC18034249,3.95271724952078,0.000111209360298425
18034444,LOC18034444,3.76115519789973,1.76350688059987e-06
18034724,LOC18034724,-2.06065743069896,4.41959828930391e-11
18034831,LOC18034831,-1.26056385294867,0.00557548249269738
18034229,LOC18034229,-8.04798719746085,3.1817045941245e-08
18033781,LOC18033781,-3.19145819087966,0.00803808240212105
18034552,LOC18034552,2.77874028576985,4.86309130159994e-17
18034083,LOC18034083,-2.31361471333759,0.00198065356385111
18035214,LOC18035214,1.76608132559339,2.31789267308702e-05
18034983,LOC18034983,1.35544698393151,0.0394685357301196
18034898,LOC18034898,-1.00887365234591,0.00360665521658535
18033997,LOC18033997,-1.6125593224237,0.00473364942090474
18035401,LOC18035401,-1.76157446159787,4.42855047559745e-14
18035241,LOC18035241,-1.66938710041569,2.48904311871771e-10
18035611,LOC18035611,1.00561460689201,0.0193608725424084
18035580,LOC18035580,-3.26611515717057,0.047784108887749
18034585,LOC18034585,1.27364558819666,0.00215438957597676
18035193,LOC18035193,-1.30339462688082,0.00374701252562805
18034885,LOC18034885,-1.4131057164738,0.00156075436873287
18035651,LOC18035651,1.76892794212839,0.0300844913253598
18035389,LOC18035389,-2.59632576451118,2.43075477916409e-11
18034327,LOC18034327,-1.84002437780048,2.54507711502939e-07
18033816,LOC18033816,-4.7951842904547,1.86011693098615e-05
18034911,LOC18034911,-1.85160636019756,2.95065908448892e-05
18034391,LOC18034391,1.36093576861266,0.0133459713533532
18034880,LOC18034880,-1.43788423721991,0.000957112144148504
18035598,LOC18035598,-1.08088241151322,0.00749862082048355
18035249,LOC18035249,-1.63987535914228,9.86844589691478e-18
18033773,LOC18033773,-1.66271230196827,0.0136458977705867
18033888,LOC18033888,3.0186978714942,7.39677287489158e-06
18034906,LOC18034906,-1.51718552905247,0.000952221179297585
112096473,LOC112096473,1.2064089719968,0.000146078983278617
18035117,LOC18035117,-1.00421023395759,1.31497732947255e-05
18035349,LOC18035349,-1.0831088125837,8.06790071335543e-06
18035254,LOC18035254,1.29170317573364,0.00680905428280547
18033798,LOC18033798,2.39844835555384,0.00175058078597071
18034415,LOC18034415,1.32954058474294,1.78801890261708e-08
18034046,LOC18034046,1.10513730400038,0.0404451590425442
18035134,LOC18035134,3.47516423921874,1.26563643493932e-06
18034262,LOC18034262,-1.38999482835857,9.37367335213041e-05
18034211,LOC18034211,-1.01472655722079,4.98398212454248e-06
112096192,LOC112096192,-1.55269714972306,0.0181195969578582
18034062,LOC18034062,4.46731069459229,1.17932498295551e-22
18035293,LOC18035293,1.06997122268509,7.84599807316203e-06
18035225,LOC18035225,-1.32446794255761,0.000888218229049739
18034692,LOC18034692,1.40557850782777,0.000390471404778406
18035513,LOC18035513,-1.57353992304787,6.36976318559324e-05
18034441,LOC18034441,1.27547190780654,0.0329855160891081
18034411,LOC18034411,-1.63147664849693,1.72485352485847e-05
18034429,LOC18034429,1.07591365662494,2.6328787282333e-11
18034803,LOC18034803,1.04055754548757,0.00480256647950695
18035645,LOC18035645,-1.31344077548118,0.00195203131377507
18034529,LOC18034529,-5.37787196005764,0.0324936976499099
18034111,LOC18034111,2.60601297533898,4.55718810019006e-24
18035016,LOC18035016,2.11298357987852,8.58271315488778e-06
18034024,LOC18034024,1.0685296502081,0.00186133181961189
18033629,LOC18033629,-1.05060185122444,0.0138163671316708
18034409,LOC18034409,-2.42825047101337,1.91920050165629e-26
18034509,LOC18034509,-2.3005857168861,0.000452687809926211
18035275,LOC18035275,-2.0739910093093,0.00741911268877337
18033659,LOC18033659,-1.32537528775337,1.04621412080682e-09
18034706,LOC18034706,-1.08287102502452,0.0126238483397354
18035201,LOC18035201,-1.94055704094505,0.0107817619706347
18035094,LOC18035094,-1.01981114300562,0.0122259615999736
18034889,LOC18034889,4.20974241784425,9.46645128373095e-41
18034523,LOC18034523,2.7879754403,3.08846206458244e-16
18035444,LOC18035444,-1.87603249134892,0.0014213027510832
18035142,LOC18035142,-1.70358435866753,2.74365298028859e-17
18035014,LOC18035014,1.2661767540691,0.000535148319230224
18031348,LOC18031348,-1.18732151343116,0.00200955759955707
18032069,LOC18032069,-1.08942037527511,0.00110846113918201
18031848,LOC18031848,2.16796340826516,0.0445746042609511
18031271,LOC18031271,-6.87461529448167,2.50364249942602e-07
18031418,LOC18031418,2.60917408148488,0.00276480148717416
18031620,LOC18031620,1.64123299368498,0.0107817619706347
18031465,LOC18031465,2.29766724820719,0.00352851875793491
18031784,LOC18031784,2.05573819246024,0.000190913614266334
18033566,LOC18033566,-1.78630292439797,2.35626291485506e-14
18031210,LOC18031210,-1.38332432420932,0.00733430190175634
18031944,LOC18031944,1.30399909721984,5.60447944681517e-17
18033254,LOC18033254,-1.20889564399972,0.00715018011444044
18032703,LOC18032703,-3.510860481838,4.35543382203866e-06
18032949,LOC18032949,2.5890702140422,0.000564758054554894
18032946,LOC18032946,2.65392165240903,3.77440595490733e-16
18032882,LOC18032882,5.44245336427465,0.00325281404232335
18032866,LOC18032866,1.88664155735651,8.8875822841957e-07
18032835,LOC18032835,-3.17384797227205,4.67763863105248e-06
112095532,LOC112095532,1.74996654061865,0.00157286018434826
18032687,LOC18032687,1.02397531431109,2.00201454207839e-05
18032642,LOC18032642,-1.0703126153553,0.0134658261987488
18032614,LOC18032614,2.86306341594615,0.015063325495894
18032493,LOC18032493,1.65803020933237,1.33814246175494e-05
18032385,LOC18032385,2.15003165276053,0.024503656933299
18032306,LOC18032306,1.50670220372832,3.02655172113518e-16
18032933,LOC18032933,-1.75432033921761,0.00506265908959261
18032245,LOC18032245,1.35422846855859,0.00087442507888814
18032220,LOC18032220,-1.12456422128357,0.000894349062283317
18032878,LOC18032878,1.41360256128109,0.000120279985969927
18032990,LOC18032990,1.78067406347298,3.01929154653401e-10
18032157,LOC18032157,-1.6014996386219,2.41602642438129e-06
18032126,LOC18032126,2.2630273261011,0.036568089546256
18032535,LOC18032535,5.80018752178054,7.34931101481522e-06
18033370,LOC18033370,-1.41157333227526,1.57504254010451e-10
18031838,LOC18031838,-1.2671283075006,0.0176767017795795
18031736,LOC18031736,1.23611761653292,9.91576147960312e-05
18031365,LOC18031365,-1.24913097201229,0.000883412359718796
18033355,LOC18033355,1.05011592837026,0.000482178151087026
18031591,LOC18031591,1.20905384192505,0.0100191161363246
18031416,LOC18031416,-1.96157744475869,0.000137486985725266
18032406,LOC18032406,2.29897319834768,9.24175974198732e-07
18032677,LOC18032677,1.77398201744197,6.40326482258866e-05
18032193,LOC18032193,1.11114019671505,0.00052471511876902
18032953,LOC18032953,-1.62754930098479,0.0352163666186991
18032368,LOC18032368,-1.11119740342695,0.00803374314431959
18032402,LOC18032402,-1.19359148753942,5.63295187984271e-05
18032697,LOC18032697,-1.42598945511282,0.00227342939376705
18031971,LOC18031971,1.9465207705261,0.0122117363668501
18032103,LOC18032103,1.12191295171501,0.00133454386269467
18032412,LOC18032412,1.01853629034007,0.0300687412549146
18033258,LOC18033258,1.70426091503125,3.65165300268076e-07
18033008,LOC18033008,-1.94329858572282,5.68591598704892e-05
18032009,LOC18032009,1.71833125608272,4.35543382203866e-06
18033055,LOC18033055,-1.65570336185307,0.0383303435094472
18032647,LOC18032647,3.08454479583124,1.43894770629151e-07
18032532,LOC18032532,1.20704616524415,0.000109449218129899
18032299,LOC18032299,-1.06917864437642,0.00104829059127083
18031847,LOC18031847,1.17662960124849,0.000919058020967676
18032721,LOC18032721,2.10265328241224,3.549209200111e-07
18032870,LOC18032870,-2.69963470616817,5.7478167780359e-07
18032146,LOC18032146,-4.74539613616033,0.0011051302279788
18032541,LOC18032541,3.92252179267989,8.2320295605302e-10
18032596,LOC18032596,-1.10944132850109,0.00192416432784428
18033106,LOC18033106,-1.14394160959645,0.00241611115578547
18032232,LOC18032232,2.11653748742983,0.000417520310625604
18032718,LOC18032718,-1.37035248094517,0.00130532074743706
18032690,LOC18032690,-1.53142083457158,0.000208923114547102
18033122,LOC18033122,-2.96742349522224,0.00198065356385111
18033259,LOC18033259,2.3289224579797,0.0351367902685763
18032859,LOC18032859,2.95819436514617,3.63724846524618e-10
18032212,LOC18032212,-1.88275516696224,0.0191829750190109
18032167,LOC18032167,2.10263745812593,3.58750718870571e-37
18032570,LOC18032570,-5.5590989294994,0.0295040858545696
18032291,LOC18032291,6.42525313578751,0.000656716399158961
112101101,LOC112101101,3.78597712665165,8.13847170032405e-11
18032225,LOC18032225,-1.04171192105934,0.00602037322139539
18032067,LOC18032067,-1.15065893721893,0.00129125560113337
18032537,LOC18032537,-1.7820246281062,0.0229735282892654
112100784,LOC112100784,3.13787712346172,0.0210497544882589
18031704,LOC18031704,-1.11623686577226,7.88542259651107e-06
18033130,LOC18033130,1.5789781673348,0.0098864811681176
18033019,LOC18033019,-1.20115953044342,0.0439472602989269
18033511,LOC18033511,-5.28891540461342,2.94488545746167e-14
18033225,LOC18033225,-1.12560902463877,0.0323717516848873
18032628,LOC18032628,-5.02807444975079,0.0451344792289469
18032986,LOC18032986,1.27109571138334,0.0215731424010814
18031576,LOC18031576,-1.61369393349818,0.00125982566492343
18033023,LOC18033023,-1.14583121365892,0.00915108939400931
18033198,LOC18033198,-2.31348171387504,3.60006002989531e-06
18033375,LOC18033375,-1.96642435973185,1.38263509752479e-11
18033550,LOC18033550,1.15670612948111,4.09047204476679e-06
18033488,LOC18033488,2.48985331266528,3.49455562688104e-26
18033554,LOC18033554,-1.2967723061227,2.27022331368407e-11
18032940,LOC18032940,1.49799829075148,0.00324144648280581
18032379,LOC18032379,-1.01711443198631,0.0208544746537341
18033578,LOC18033578,-1.60278345244446,0.0033679346719604
18032894,LOC18032894,-1.48010149614683,0.00952227849819898
18033168,LOC18033168,-1.36122749905006,0.0381249870334799
112100259,LOC112100259,2.00115151068839,0.0294865293981585
18031524,LOC18031524,-1.82027411743464,1.95165952486367e-05
18031913,LOC18031913,1.07754369222106,4.22618726610753e-10
18031716,LOC18031716,1.49122901570496,6.35246452982278e-06
18033435,LOC18033435,1.28414841271923,0.0100878540508491
18031217,LOC18031217,1.7701419073162,0.000181559303366861
18033470,LOC18033470,-1.10012131287752,1.68711916806886e-05
18031588,LOC18031588,-3.22136699418773,4.66092456839789e-17
18033319,LOC18033319,-4.43366321832091,1.60941884571727e-05
112099725,LOC112099725,1.0412008803888,0.0167048814883429
18032133,LOC18032133,-1.91331847061833,0.0199193345823671
18031642,LOC18031642,-1.98206470765233,0.00473364942090474
18033459,LOC18033459,-1.17541949304536,0.000882707173208463
18031375,LOC18031375,1.39551880781772,0.00398702873820058
18033290,LOC18033290,4.5347017706166,1.92623139223411e-05
18032620,LOC18032620,1.35503487919275,9.95311652760355e-06
18031624,LOC18031624,-1.74397046959769,0.00459727030683395
18031231,LOC18031231,-1.49506108704254,8.51748873413213e-05
112100083,LOC112100083,-2.4609407497037,0.0282425574388951
18031328,LOC18031328,1.15112973157379,0.0244106780912922
18031637,LOC18031637,1.48929222409609,0.00508973026641361
18031263,LOC18031263,-1.5074946181811,1.53045416310314e-07
18031455,LOC18031455,3.55658780702665,0.0203474799441027
18032515,LOC18032515,1.11259565687402,0.0419049840732101
18031384,LOC18031384,-1.52327214189874,7.03713001365824e-06
18031355,LOC18031355,3.373572427281,2.91576713465062e-18
18031356,LOC18031356,2.92992509264037,2.89745995526242e-16
18031603,LOC18031603,-1.30521771990483,1.80682848003316e-17
18031387,LOC18031387,1.1866767949662,5.0873869644251e-07
18031311,LOC18031311,3.33077633885124,0.0258873837141853
18031513,LOC18031513,-2.09407906211348,0.000347335762666194
18031782,LOC18031782,-1.1654506883797,0.00261165505815249
112098507,LOC112098507,-1.21563102933154,0.0058947639348994
18031733,LOC18031733,2.35214144091844,0.00122254949848268
18032892,LOC18032892,1.02630145477538,2.57264031811691e-05
18032723,LOC18032723,-1.08122650290931,0.000780578217384912
18031909,LOC18031909,-3.08848800765006,0.000656149013663246
18033381,LOC18033381,-1.06532005265934,0.00986964598621362
18032913,LOC18032913,-1.03330087520655,0.0310860185413433
112100745,LOC112100745,-2.28143435491843,0.0410113303112155
18033417,LOC18033417,6.34957550451563,1.48816557612992e-12
18033409,LOC18033409,9.05448123089026,2.58444553537567e-26
18033278,LOC18033278,-1.84456586449927,0.00102647101466943
18033416,LOC18033416,1.22838122887653,0.00538388661306714
18032769,LOC18032769,2.73835070519534,0.000276247205120178
18033027,LOC18033027,-1.25570384662029,0.0303077335603454
18031308,LOC18031308,-1.00670636659083,0.00805345276417043
18032121,LOC18032121,1.96876795138063,9.59715249179681e-10
18031570,LOC18031570,1.37798363853655,3.20781424464052e-07
18031901,LOC18031901,5.44829395819815,4.76611766342939e-09
18031408,LOC18031408,2.60860987692776,0.0182680319839499
18031275,LOC18031275,-1.56589876882753,0.0117445768859205
18033042,LOC18033042,1.21375907240753,2.16442667249022e-06
112096203,LOC112096203,-1.04370283723214,0.0127274282633964
18033331,LOC18033331,-2.1165134755588,2.76578288301514e-05
18032013,LOC18032013,-1.24676331112923,0.0440465231338193
18033406,LOC18033406,-1.25049003647182,1.44321729372813e-07
18033410,LOC18033410,-6.06506714912005,0.0472502041844943
18031867,LOC18031867,-1.00763523310062,0.0364705832660294
18031742,LOC18031742,-1.25216354863637,0.00618420880502784
18054512,LOC18054512,5.49739436841566,0.0252018762859659
18055896,LOC18055896,4.36925954754247,0.000167931696728784
18055444,LOC18055444,5.07996940916923,0.000349517603213811
18050139,LOC18050139,5.96724319212614,0.00535628981190819
18050142,LOC18050142,6.35609556775826,0.000568671814595151
18048478,LOC18048478,5.69552553009563,0.0158810935229957
18044098,LOC18044098,4.20886077989342,0.000980788774006569
112098541,LOC112098541,6.85357450587771,0.000612309495335359
18041051,LOC18041051,5.36023430119354,0.0374124830129762
18040051,LOC18040051,4.08101554350452,0.0392589415294013
18039898,LOC18039898,4.50739258425853,0.0446455292606496
112097427,LOC112097427,6.49965976000591,0.00360061158029954
18039576,LOC18039576,6.54525948967802,0.0016800234515754
18039804,LOC18039804,5.93935261295292,0.00548000111288857
18038093,LOC18038093,6.33486789643542,0.0453140946331441
18036480,LOC18036480,7.72611066200044,1.19747187041391e-05
18036010,LOC18036010,4.2343282675533,0.00951173961243781
18036815,LOC18036815,2.76557416728548,0.0148414018091125
18037886,LOC18037886,4.31120394950205,0.00217130935285243
112096210,LOC112096210,5.95300891082323,0.00547227221767998
18035271,LOC18035271,8.49786728572434,2.1693100676217e-16
18033513,LOC18033513,6.84198572596239,0.00178946500933451
